CCMS ID,Timestamp,KWh,KVAh,Vr (Volt),Vy (Volt),Vb (Volt),Ir (Amp),Iy (Amp),Ib (Amp),Freq (Hz),PF Total,Total Load
SMR03-0219-0252,2019-05-01 23:00:00,2.732,2.752,233.23,234.3,235.21,10.31,5.41,5.79,50.08,0.955  Ld,5.17
SMR03-0219-0252,2019-05-01 22:00:00,5.108,5.143,236.64,238,238.73,10.53,5.4,5.78,50.08,0.987  Ld,5.17
SMR03-0219-0252,2019-05-01 21:00:00,5.12,5.156,237.01,238.69,239.36,10.54,5.4,5.79,50.1,0.987  Ld,5.17
SMR03-0219-0252,2019-05-01 20:00:00,4.985,5.025,237.29,238.79,239.56,9.71,5.42,5.79,50.07,0.985  Ld,5.17
SMR03-0219-0252,2019-05-01 19:00:00,0.372,0.375,244.08,245.06,245.75,0.52,0.26,0.26,50.24,0.87  Lag,5.17
SMR03-0219-0252,2019-05-01 18:00:00,0,0,241,241.85,242.38,0,0,0,50.11,--,5.17
SMR03-0219-0252,2019-05-01 17:00:00,0,0,239.73,240.39,240.82,0,0,0,50.06,--,5.17
SMR03-0219-0252,2019-05-01 16:00:00,0,0,238.14,238.96,239.35,0,0,0,50.01,--,5.17
SMR03-0219-0252,2019-05-01 15:00:00,0,0,241.32,241.94,242.5,0,0,0,50,--,5.17
SMR03-0219-0252,2019-05-01 14:00:00,0,0,244.48,244.98,245.67,0,0,0,50.05,--,5.17
SMR03-0219-0252,2019-05-01 13:00:00,0,0,243.99,244.54,245.26,0,0,0,50.08,--,5.17
SMR03-0219-0252,2019-05-01 12:00:00,0,0,243.82,244.59,245.16,0,0,0,50.04,--,5.17
SMR03-0219-0252,2019-05-01 11:00:00,0,0,244.05,244.75,245.51,0,0,0,50.17,--,5.17
SMR03-0219-0252,2019-05-01 10:00:00,0,0,246.35,246.96,247.61,0,0,0,50.15,--,5.17
SMR03-0219-0252,2019-05-01 09:00:00,0,0,250.94,251.58,252.25,0,0,0,50.21,--,5.17
SMR03-0219-0252,2019-05-01 08:00:00,0,0,251.32,252,252.41,0,0,0,50.08,--,5.17
SMR03-0219-0252,2019-05-01 07:00:00,0,0,249.03,249.43,250.21,0,0,0,50.11,--,5.17
SMR03-0219-0252,2019-05-01 06:00:00,3.355,3.387,247.29,248.34,249.27,6.96,3.93,4.21,50.06,0.387  Ld,5.17
SMR03-0219-0252,2019-05-01 05:00:00,5.052,5.095,245.06,246.21,246.95,10.37,5.23,5.61,50.05,0.981  Ld,5.17
SMR03-0219-0252,2019-05-01 04:00:00,5.156,5.194,243.35,244.27,245.12,10.4,5.26,5.63,50.13,0.981  Ld,5.17
SMR03-0219-0252,2019-05-01 03:00:00,5.146,5.183,240.55,241.47,242.28,10.51,5.36,5.72,50.1,0.986  Ld,5.17
SMR03-0219-0252,2019-05-01 02:00:00,5.149,5.185,235.94,236.88,237.74,10.74,5.5,5.87,50.07,0.986  Ld,5.17
SMR03-0219-0252,2019-05-01 01:00:00,3.218,3.24,234.46,235.98,236.67,10.86,5.56,5.94,49.99,0.937  Ld,5.17
SMR03-0219-0252,2019-05-01 00:00:00,4.783,4.816,230.43,231.22,231.92,11.04,5.68,6.55,50.01,0.937  Ld,5.17
SMR03-0219-0252,2019-04-30 23:00:00,2.867,2.887,231.68,232.71,233.48,10.74,5.52,6.38,50.04,0.986  Ld,5.17
SMR03-0219-0252,2019-04-30 22:00:00,5.231,5.268,234.96,236.24,236.85,10.55,5.42,6.26,50.03,0.986  Ld,5.17
SMR03-0219-0252,2019-04-30 21:00:00,5.225,5.261,236.29,237.72,237.91,10.25,5.43,6.29,50.13,0.985  Ld,5.17
SMR03-0219-0252,2019-04-30 20:00:00,5.072,5.115,238.18,239.57,239.84,9.69,5.41,6.26,50.09,0.985  Ld,5.17
SMR03-0219-0252,2019-04-30 19:00:00,0.43,0.433,243.79,244.65,245.14,0.6,0.3,0.3,50.16,0.849  Lag,5.17
SMR03-0219-0252,2019-04-30 18:00:00,0,0,240.24,241.25,241.37,0,0,0,50.15,--,5.17
SMR03-0219-0252,2019-04-30 17:00:00,0,0,237.13,237.8,238.2,0,0,0,50.05,--,5.17
SMR03-0219-0252,2019-04-30 16:00:00,0,0,235.99,236.89,237.11,0,0,0,50.06,--,5.17
SMR03-0219-0252,2019-04-30 15:00:00,0,0,238.03,238.53,238.9,0,0,0,50.08,--,5.17
SMR03-0219-0252,2019-04-30 14:00:00,0,0,244.36,245.01,245.32,0,0,0,50.14,--,5.17
SMR03-0219-0252,2019-04-30 13:00:00,0,0,241.65,242.43,242.54,0,0,0,50.15,--,5.17
SMR03-0219-0252,2019-04-30 12:00:00,0,0,241.53,242.13,242.41,0,0,0,50.1,--,5.17
SMR03-0219-0252,2019-04-30 11:00:00,0,0,241.9,242.57,243,0,0,0,50.15,--,5.17
SMR03-0219-0252,2019-04-30 10:00:00,0,0,244.43,244.98,245.6,0,0,0,50.07,--,5.17
SMR03-0219-0252,2019-04-30 09:00:00,0,0,249.8,250.35,251.02,0,0,0,50.09,--,5.17
SMR03-0219-0252,2019-04-30 08:00:00,0,0,249.13,249.52,250.15,0,0,0,50.06,--,5.17
SMR03-0219-0252,2019-04-30 07:00:00,0,0,248.04,248.12,249.02,0,0,0,50.11,--,5.17
SMR03-0219-0252,2019-04-30 06:00:00,3.617,3.646,245.92,246.43,247.32,7.52,4.03,4.63,50.07,0.413  Ld,5.17
SMR03-0219-0252,2019-04-30 05:00:00,5.264,5.304,245.16,246,246.75,10.33,5.22,6.05,49.96,0.986  Ld,5.17
SMR03-0219-0252,2019-04-30 04:00:00,5.178,5.216,243.38,244.25,245.15,10.4,5.25,5.61,50.1,0.986  Ld,5.17
SMR03-0219-0252,2019-04-30 03:00:00,5.14,5.178,239.69,240.63,241.5,10.52,5.34,5.71,50.03,0.987  Ld,5.17
SMR03-0219-0252,2019-04-30 02:00:00,5.134,5.169,236.32,237.29,238.14,10.63,5.43,5.8,50.08,0.987  Ld,5.17
SMR03-0219-0252,2019-04-30 01:00:00,5.128,5.162,232.43,233.25,234.08,10.77,5.53,5.9,50.01,0.987  Ld,5.17
SMR03-0219-0252,2019-04-30 00:00:00,4.738,4.769,230.35,231.33,232.26,10.93,5.64,5.97,49.96,0.987  Ld,5.17
SMR03-0219-0252,2019-04-29 23:00:00,4.305,4.335,232.2,233.15,233.87,10.61,5.44,6.27,51.51,0.981  Ld,5.17
SMR03-0219-0252,2019-04-29 22:00:00,5.196,5.232,235.88,237.1,237.81,10.5,5.39,6.22,50.09,0.987  Ld,5.17
SMR03-0219-0252,2019-04-29 21:00:00,5.218,5.253,234.41,235.67,236.29,10.66,5.47,6.32,50.08,0.987  Ld,5.17
SMR03-0219-0252,2019-04-29 20:00:00,4.516,4.554,236.09,237.55,237.8,9.79,5.47,6.31,50.1,0.979  Ld,5.17
SMR03-0219-0252,2019-04-29 19:00:00,0.483,0.487,243.93,244.76,245.2,0.66,0.33,0.33,50.26,0.832  Lag,5.17
SMR03-0219-0252,2019-04-29 18:00:00,0,0,242.43,243.43,243.84,0,0,0,50.05,--,5.17
SMR03-0219-0252,2019-04-29 17:00:00,0,0,242.26,243.22,243.6,0,0,0,50.07,--,5.17
SMR03-0219-0252,2019-04-29 16:00:00,0,0,242.69,243.68,243.93,0,0,0,50.05,--,5.17
SMR03-0219-0252,2019-04-29 15:00:00,0,0,243.46,244.14,244.4,0,0,0,50.07,--,5.17
SMR03-0219-0252,2019-04-29 14:00:00,0,0,247.44,248.36,248.68,0,0,0,50.15,--,5.17
SMR03-0219-0252,2019-04-29 13:00:00,0,0,244.32,245.12,245.38,0,0,0,50.15,--,5.17
SMR03-0219-0252,2019-04-29 12:00:00,0,0,244.14,244.99,245.11,0,0,0,50.08,--,5.17
SMR03-0219-0252,2019-04-29 11:00:00,0,0,243.28,244.07,244.59,0,0,0,50.13,--,5.17
SMR03-0219-0252,2019-04-29 10:00:00,0,0,245.58,246.18,246.79,0,0,0,50.05,--,5.17
SMR03-0219-0252,2019-04-29 09:00:00,0,0,250.66,251.06,251.77,0,0,0,50.04,--,5.17
SMR03-0219-0252,2019-04-29 08:00:00,0,0,251.27,251.92,252.56,0,0,0,50.08,--,5.17
SMR03-0219-0252,2019-04-29 07:00:00,0,0,249.84,250.17,251.02,0,0,0,50.03,--,5.17
SMR03-0219-0252,2019-04-29 06:00:00,3.642,3.674,248.42,249.33,250.21,7.66,4.06,4.69,50.03,0.436  Ld,5.17
SMR03-0219-0252,2019-04-29 05:00:00,5.279,5.322,247.77,248.76,249.47,10.24,5.17,5.98,50.04,0.986  Ld,5.17
SMR03-0219-0252,2019-04-29 04:00:00,5.284,5.324,246.07,247.23,248.04,10.33,5.23,6.04,50.09,0.986  Ld,5.17
SMR03-0219-0252,2019-04-29 03:00:00,5.275,5.315,242.83,243.89,244.95,10.4,5.29,6.09,50.02,0.987  Ld,5.17
SMR03-0219-0252,2019-04-29 02:00:00,5.264,5.302,241.33,242.34,243.19,10.45,5.33,6.14,50.04,0.986  Ld,5.17
SMR03-0219-0252,2019-04-29 01:00:00,5.255,5.293,237.87,238.72,239.9,10.57,5.41,6.23,50.1,0.987  Ld,5.17
SMR03-0219-0252,2019-04-29 00:00:00,5.245,5.282,235.24,236.02,237.43,10.6,5.45,6.27,50.05,0.986  Ld,5.17
SMR03-0219-0252,2019-04-28 23:00:00,5.223,5.26,236.84,237.76,238.51,10.38,5.38,6.23,50.06,0.986  Ld,5.17
SMR03-0219-0252,2019-04-28 22:00:00,5.227,5.264,239.69,240.89,241.74,10.4,5.32,6.15,49.96,0.986  Ld,5.17
SMR03-0219-0252,2019-04-28 21:00:00,5.215,5.254,238.13,239.64,240.16,10.46,5.39,6.23,50,0.986  Ld,5.17
SMR03-0219-0252,2019-04-28 20:00:00,5.035,5.075,236.11,237.67,238.13,9.83,5.49,5.9,49.98,0.985  Ld,5.17
SMR03-0219-0252,2019-04-28 19:00:00,0.524,0.528,240.37,241.23,241.88,0.79,0.37,0.37,50.12,0.811  Lag,5.17
SMR03-0219-0252,2019-04-28 18:00:00,0,0,242.97,243.8,244.4,0,0,0,50.04,--,5.17
SMR03-0219-0252,2019-04-28 17:00:00,0,0,244.8,245.63,246.17,0,0,0,50.08,--,5.17
SMR03-0219-0252,2019-04-28 16:00:00,0,0,246.19,246.93,247.47,0,0,0,50.11,--,5.17
SMR03-0219-0252,2019-04-28 15:00:00,0,0,248.78,249.59,250.06,0,0,0,50.12,--,5.17
SMR03-0219-0252,2019-04-28 14:00:00,0,0,250.32,251.08,251.59,0,0,0,50.08,--,5.17
SMR03-0219-0252,2019-04-28 13:00:00,0,0,249.41,250.42,251,0,0,0,50.1,--,5.17
SMR03-0219-0252,2019-04-28 12:00:00,0,0,249.58,250.69,251.15,0,0,0,50.1,--,5.17
SMR03-0219-0252,2019-04-28 11:00:00,0,0,249.3,250.06,250.56,0,0,0,50.15,--,5.17
SMR03-0219-0252,2019-04-28 10:00:00,0,0,248.47,249.14,249.87,0,0,0,50.08,--,5.17
SMR03-0219-0252,2019-04-28 09:00:00,0,0,249.91,250.48,251.21,0,0,0,50.09,--,5.17
SMR03-0219-0252,2019-04-28 08:00:00,0,0,250.49,251.16,251.78,0,0,0,50.03,--,5.17
SMR03-0219-0252,2019-04-28 07:00:00,0,0,248.58,249.29,250.04,0,0,0,50.1,--,5.17
SMR03-0219-0252,2019-04-28 06:00:00,3.603,3.637,246.74,247.93,248.78,7.31,4.18,4.48,50.05,0.462  Ld,5.17
SMR03-0219-0252,2019-04-28 05:00:00,5.024,5.069,246.51,247.57,248.56,9.66,5.23,5.61,50.06,0.985  Ld,5.17
SMR03-0219-0252,2019-04-28 04:00:00,5.126,5.166,245.13,246,247,9.92,5.27,5.64,50.12,0.986  Ld,5.17
SMR03-0219-0252,2019-04-28 03:00:00,5.076,5.113,241.66,242.51,243.55,10.04,5.36,5.75,50.08,0.986  Ld,5.17
SMR03-0219-0252,2019-04-28 02:00:00,5.067,5.103,239.02,239.98,240.62,10.08,5.39,5.79,50.04,0.987  Ld,5.17
SMR03-0219-0252,2019-04-28 01:00:00,5.052,5.087,235.89,236.9,237.54,10.19,5.46,5.88,50.06,0.986  Ld,5.17
SMR03-0219-0252,2019-04-28 00:00:00,5.044,5.079,233.65,234.36,235.28,10.23,5.5,5.92,49.96,0.987  Ld,5.17
SMR03-0219-0252,2019-04-27 23:00:00,5.031,5.064,233.1,234.42,235.07,10.25,5.52,5.94,50.06,0.987  Ld,5.17
SMR03-0219-0252,2019-04-27 22:00:00,5.028,5.062,232.5,233.78,234.46,10.26,5.5,5.91,50.07,0.986  Ld,5.17
SMR03-0219-0252,2019-04-27 21:00:00,5.012,5.046,234.13,235.52,236.1,10.02,5.47,5.88,50.11,0.986  Ld,5.17
SMR03-0219-0252,2019-04-27 20:00:00,4.827,4.866,235.18,236.41,236.96,9.42,5.53,5.93,50.14,0.986  Ld,5.17
SMR03-0219-0252,2019-04-27 19:00:00,0.561,0.565,239.68,240.62,241.13,0.82,0.41,0.41,50.14,0.795  Lag,5.17
SMR03-0219-0252,2019-04-27 18:00:00,2.552,2.576,237.4,238.86,239.44,5.47,3.15,3.37,50.02,0.052  Ld,5.17
SMR03-0219-0252,2019-04-27 17:00:00,0,0,239.78,240.55,241.35,0,0,0,49.98,--,5.17
SMR03-0219-0252,2019-04-27 16:00:00,0,0,240.86,241.6,242.5,0,0,0,49.99,--,5.17
SMR03-0219-0252,2019-04-27 15:00:00,0,0,243.64,244.74,245.24,0,0,0,50.12,--,5.17
SMR03-0219-0252,2019-04-27 14:00:00,0,0,248.83,249.88,250.55,0,0,0,50.21,--,5.17
SMR03-0219-0252,2019-04-27 13:00:00,0,0,250.13,251.31,251.36,0,0,0,50.15,--,5.17
SMR03-0219-0252,2019-04-27 12:00:00,0,0,246.93,247.84,248.04,0,0,0,50.07,--,5.17
SMR03-0219-0252,2019-04-27 11:00:00,0,0,245.57,246.43,246.73,0,0,0,50.08,--,5.17
SMR03-0219-0252,2019-04-27 10:00:00,0,0,247.81,248.66,249.05,0,0,0,50.11,--,5.17
SMR03-0219-0252,2019-04-27 09:00:00,0,0,250.97,251.63,252.24,0,0,0,50.04,--,5.17
SMR03-0219-0252,2019-04-27 08:00:00,0,0,251.09,251.71,252.41,0,0,0,50.08,--,5.17
SMR03-0219-0252,2019-04-27 07:00:00,0,0,251.55,252.09,252.87,0,0,0,50.1,--,5.17
SMR03-0219-0252,2019-04-27 06:00:00,3.047,3.074,248.49,250.09,250.34,7.39,1.27,4.85,50.03,0.495  Ld,5.17
SMR03-0219-0252,2019-04-27 05:00:00,4.163,4.2,248,249.67,249.82,9.6,1.28,6.01,50,0.984  Ld,5.17
SMR03-0219-0252,2019-04-27 04:00:00,4.308,4.34,245.93,247.6,247.78,10.3,1.28,6.04,50.1,0.987  Ld,5.17
SMR03-0219-0252,2019-04-27 03:00:00,4.321,4.352,243.26,244.92,245.19,10.41,1.3,6.13,50.05,0.986  Ld,5.17
SMR03-0219-0252,2019-04-27 02:00:00,4.306,4.335,239.57,241.26,241.46,10.53,1.31,6.22,49.98,0.937  Ld,5.17
SMR03-0219-0252,2019-04-27 01:00:00,4.294,4.321,236.29,238.07,238.2,10.6,1.32,6.27,50,0.964  Ld,5.17
SMR03-0219-0252,2019-04-27 00:00:00,4.279,4.306,235.57,237.34,237.53,10.57,1.33,6.27,50.02,0.864  Ld,5.17
SMR03-0219-0252,2019-04-26 23:00:00,4.267,4.296,236.47,237.84,238.2,10.47,1.32,6.22,50.02,0.942  Ld,5.17
SMR03-0219-0252,2019-04-26 22:00:00,4.253,4.281,237.57,239.42,239.33,10.13,1.31,6.22,50.06,0.955  Ld,5.17
SMR03-0219-0252,2019-04-26 21:00:00,4.091,4.123,237.58,239.71,239.47,9.74,1.32,6.24,50,0.975  Ld,5.17
SMR03-0219-0252,2019-04-26 20:00:00,4.101,4.135,239.34,241.37,241.23,9.64,1.32,6.22,50.11,0.985  Ld,5.17
SMR03-0219-0252,2019-04-26 19:00:00,0.514,0.518,246.05,247.33,247.35,0.92,0,0.44,50.13,0.776  Lag,5.17
SMR03-0219-0252,2019-04-26 18:00:00,0,0,244.74,245.43,245.74,0,0,0,50.07,--,5.17
SMR03-0219-0252,2019-04-26 17:00:00,0,0,242.15,242.89,243.4,0,0,0,49.97,--,5.17
SMR03-0219-0252,2019-04-26 16:00:00,0,0,239.85,240.74,241.04,0,0,0,49.96,--,5.17
SMR03-0219-0252,2019-04-26 15:00:00,0,0,241.97,242.86,243.16,0,0,0,50.1,--,5.17
SMR03-0219-0252,2019-04-26 14:00:00,0,0,245.75,246.97,247.05,0,0,0,50.15,--,5.17
SMR03-0219-0252,2019-04-26 13:00:00,0,0,242.83,243.86,244.08,0,0,0,50.06,--,5.17
SMR03-0219-0252,2019-04-26 12:00:00,0,0,242.84,243.77,243.95,0,0,0,50.1,--,5.17
SMR03-0219-0252,2019-04-26 11:00:00,0,0,244.61,245.58,245.58,0,0,0,50.05,--,5.17
SMR03-0219-0252,2019-04-26 10:00:00,0,0,245.48,246.35,246.45,0,0,0,50.05,--,5.17
SMR03-0219-0252,2019-04-26 09:00:00,0,0,251.47,252.24,252.92,0,0,0,50.12,--,5.17
SMR03-0219-0252,2019-04-26 08:00:00,0,0,251.13,251.91,252.61,0,0,0,50.04,--,5.17
SMR03-0219-0252,2019-04-26 07:00:00,0,0,251.76,252.66,253.36,0,0,0,50.09,--,5.17
SMR03-0219-0252,2019-04-26 06:00:00,3.101,3.13,249.36,251.24,251.39,7.47,1.27,4.9,50.05,0.521  Ld,5.17
SMR03-0219-0252,2019-04-26 05:00:00,4.15,4.187,248.49,250.52,250.88,9.55,1.27,5.97,50.06,0.985  Ld,5.17
SMR03-0219-0252,2019-04-26 04:00:00,4.15,4.187,247.33,249.21,249.43,9.55,1.27,5.99,50.08,0.976  Ld,5.17
SMR03-0219-0252,2019-04-26 03:00:00,4.131,4.166,244.36,246.32,246.61,9.63,1.29,6.06,50.07,0.985  Ld,5.17
SMR03-0219-0252,2019-04-26 02:00:00,4.261,4.292,242.22,244.27,244.63,10.35,1.29,6.09,50.03,0.968  Ld,5.17
SMR03-0219-0252,2019-04-26 01:00:00,4.273,4.302,239.26,241.14,241.55,10.44,1.31,6.16,50.08,0.95  Ld,5.17
SMR03-0219-0252,2019-04-26 00:00:00,4.262,4.29,235.53,237.42,237.79,10.58,1.33,6.27,50.03,0.889  Ld,5.17
SMR03-0219-0252,2019-04-25 23:00:00,4.265,4.292,235.25,237.25,237.56,10.55,1.32,6.25,50.05,0.872  Ld,5.17
SMR03-0219-0252,2019-04-25 22:00:00,4.268,4.297,238.91,240.91,241.14,10.38,1.31,6.18,50.06,0.927  Ld,5.17
SMR03-0219-0252,2019-04-25 21:00:00,4.293,4.322,239.84,242.09,242.04,10.48,1.31,6.2,50.12,0.986  Ld,5.17
SMR03-0219-0252,2019-04-25 20:00:00,3.687,3.716,237.72,240.16,240.04,9.76,1.34,6.29,50.06,0.922  Ld,5.17
SMR03-0219-0252,2019-04-25 19:00:00,0.555,0.56,242.61,244.16,244.51,1.63,0,0.99,50.05,0.645  Lag,5.17
SMR03-0219-0252,2019-04-25 18:00:00,0,0,244.19,245.12,245.53,0,0,0,50.09,--,5.17
SMR03-0219-0252,2019-04-25 17:00:00,0,0,240.85,241.94,242.3,0,0,0,50.07,--,5.17
SMR03-0219-0252,2019-04-25 16:00:00,0,0,235.98,237.04,237.28,0,0,0,50,--,5.17
SMR03-0219-0252,2019-04-25 15:00:00,0,0,238.04,238.57,239.01,0,0,0,50.12,--,5.17
SMR03-0219-0252,2019-04-25 14:00:00,0,0,241.08,241.85,242.29,0,0,0,50.12,--,5.17
SMR03-0219-0252,2019-04-25 13:00:00,0,0,238.11,238.94,239.15,0,0,0,50.06,--,5.17
SMR03-0219-0252,2019-04-25 12:00:00,0,0,238.47,239.29,239.52,0,0,0,50.07,--,5.17
SMR03-0219-0252,2019-04-25 11:00:00,0,0,238.33,239.27,239.5,0,0,0,50.09,--,5.17
SMR03-0219-0252,2019-04-25 08:00:00,0,0,250.05,251,251.68,0,0,0,50.12,--,5.17
SMR03-0219-0252,2019-04-25 07:00:00,0,0,249.03,249.83,250.72,0,0,0,50.04,--,5.17
SMR03-0219-0252,2019-04-25 06:00:00,3.264,3.291,246.39,248.22,248.46,8.28,1.28,5.05,49.99,0.554  Ld,5.17
SMR03-0219-0252,2019-04-25 05:00:00,4.332,4.362,245.64,247.55,247.8,10.34,1.29,6.05,49.99,0.987  Ld,5.17
SMR03-0219-0252,2019-04-25 04:00:00,4.329,4.359,244.53,246.38,246.74,10.38,1.29,6.09,50.07,0.97  Ld,5.17
SMR03-0219-0252,2019-04-25 03:00:00,4.32,4.35,241.08,242.88,243.31,10.46,1.3,6.16,49.99,0.913  Ld,5.17
SMR03-0219-0252,2019-04-25 02:00:00,4.301,4.33,239.31,241.13,241.45,10.52,1.31,6.2,50.02,0.981  Ld,5.17
SMR03-0219-0252,2019-04-25 01:00:00,4.289,4.317,237.17,238.98,239.2,10.56,1.32,6.23,49.98,0.971  Ld,5.17
SMR03-0219-0252,2019-04-25 00:00:00,4.29,4.317,232.42,234.72,235.1,10.82,1.36,6.39,49.97,0.965  Ld,5.17
SMR03-0219-0252,2019-04-24 23:00:00,4.286,4.313,235.06,237.31,237.55,10.43,1.32,6.23,49.98,0.968  Ld,5.17
SMR03-0219-0252,2019-04-24 22:00:00,4.264,4.293,238.3,240.35,240.48,10.34,1.3,6.16,50.07,0.987  Ld,5.17
SMR03-0219-0252,2019-04-24 21:00:00,4.26,4.289,237.5,239.96,239.9,10.24,1.32,6.23,50.06,0.937  Ld,5.17
SMR03-0219-0252,2019-04-24 20:00:00,4.185,4.216,238.32,240.67,240.56,9.77,1.34,6.31,49.82,0.985  Ld,5.17
SMR03-0219-0252,2019-04-24 19:00:00,0.595,0.6,243.14,244.23,244.56,1.11,0,0.55,50.08,0.741  Lag,5.17
SMR03-0219-0252,2019-04-24 18:00:00,0,0,244.25,244.93,245.32,0,0,0,50.1,--,5.17
SMR03-0219-0252,2019-04-24 17:00:00,0,0,240.64,241.57,241.95,0,0,0,49.98,--,5.17
SMR03-0219-0252,2019-04-24 16:00:00,0,0,237.42,238.41,238.56,0,0,0,50.05,--,5.17
SMR03-0219-0252,2019-04-24 15:00:00,0,0,238.9,239.91,240.17,0,0,0,50.04,--,5.17
SMR03-0219-0252,2019-04-24 14:00:00,0,0,242.33,243.32,243.5,0,0,0,50.06,--,5.17
SMR03-0219-0252,2019-04-24 13:00:00,0,0,239.86,240.69,240.86,0,0,0,50.04,--,5.17
SMR03-0219-0252,2019-04-24 12:00:00,0,0,240.42,241.34,241.64,0,0,0,50.06,--,5.17
SMR03-0219-0252,2019-04-24 11:00:00,0,0,242.19,242.98,243.46,0,0,0,50.07,--,5.17
SMR03-0219-0252,2019-04-24 10:00:00,0,0,244.42,245.04,245.72,0,0,0,50.14,--,5.17
SMR03-0219-0252,2019-04-24 09:00:00,0,0,250.41,251.11,251.83,0,0,0,50.04,--,5.17
SMR03-0219-0252,2019-04-24 08:00:00,0,0,251.19,252.11,252.83,0,0,0,50.04,--,5.17
SMR03-0219-0252,2019-04-24 07:00:00,0,0,251.11,251.82,252.57,0,0,0,50.04,--,5.17
SMR03-0219-0252,2019-04-24 06:00:00,3.347,3.377,248.74,250.25,250.77,8.26,1.27,5.11,50.07,0.58  Ld,5.17
SMR03-0219-0252,2019-04-24 05:00:00,4.457,4.49,248.42,250.25,250.61,10.8,1.27,5.98,50.04,0.977  Ld,5.17
SMR03-0219-0252,2019-04-24 04:00:00,4.456,4.488,247.59,249.53,249.85,10.79,1.27,5.99,50.07,0.963  Ld,5.17
SMR03-0219-0252,2019-04-24 03:00:00,4.454,4.485,245.79,247.72,248.1,10.85,1.29,6.04,50.09,0.958  Ld,5.17
SMR03-0219-0252,2019-04-24 02:00:00,4.448,4.479,242.98,244.89,245.2,10.96,1.3,6.12,50.1,0.941  Ld,5.17
SMR03-0219-0252,2019-04-24 01:00:00,4.443,4.473,239.62,241.56,241.82,11.11,1.32,6.22,49.99,0.978  Ld,5.17
SMR03-0219-0252,2019-04-24 00:00:00,4.435,4.464,236.47,238.55,238.56,11.22,1.33,6.29,50.01,0.959  Ld,5.17
SMR03-0219-0252,2019-04-23 23:00:00,4.423,4.452,236.69,238.79,238.92,10.83,1.36,6.23,50.07,0.967  Ld,5.17
SMR03-0219-0252,2019-04-23 22:00:00,4.411,4.44,236.93,238.95,238.73,11.08,1.33,6.26,49.98,0.936  Ld,5.17
SMR03-0219-0252,2019-04-23 21:00:00,4.404,4.432,236.54,238.7,238.62,11.1,1.33,6.25,50,0.972  Ld,5.17
SMR03-0219-0252,2019-04-23 20:00:00,4.192,4.223,237.17,239.45,239.14,9.78,1.36,6.25,50.03,0.978  Ld,5.17
SMR03-0219-0252,2019-04-23 19:00:00,0.639,0.644,242.6,243.77,244.05,1.21,0,0.6,50.04,0.722  Lag,5.17
SMR03-0219-0252,2019-04-23 18:00:00,0,0,244.1,245.13,245.34,0,0,0,50.12,--,5.17
SMR03-0219-0252,2019-04-23 17:00:00,0,0,240.78,241.65,241.92,0,0,0,50.11,--,5.17
SMR03-0219-0252,2019-04-23 16:00:00,0,0,240.3,241.35,241.53,0,0,0,50.09,--,5.17
SMR03-0219-0252,2019-04-23 15:00:00,0,0,242.3,243.39,243.43,0,0,0,50.09,--,5.17
SMR03-0219-0252,2019-04-23 14:00:00,0,0,246.19,247.17,247.31,0,0,0,50.19,--,5.17
SMR03-0219-0252,2019-04-23 13:00:00,0,0,242.05,242.96,243.22,0,0,0,50.1,--,5.17
SMR03-0219-0252,2019-04-23 12:00:00,0,0,242.56,243.46,243.55,0,0,0,50.08,--,5.17
SMR03-0219-0252,2019-04-23 11:00:00,0,0,244.14,245.06,245.32,0,0,0,50.1,--,5.17
SMR03-0219-0252,2019-04-23 10:00:00,0,0,246.61,247.82,248.05,0,0,0,50.08,--,5.17
SMR03-0219-0252,2019-04-23 09:00:00,0,0,250.86,251.82,252.3,0,0,0,50.11,--,5.17
SMR03-0219-0252,2019-04-23 08:00:00,0,0,251.41,252.28,252.89,0,0,0,50.05,--,5.17
SMR03-0219-0252,2019-04-23 07:00:00,0,0,250.74,251.46,252.15,0,0,0,50.08,--,5.17
SMR03-0219-0252,2019-04-23 06:00:00,3.563,3.589,249.54,251.38,251.5,8.27,1.25,5.79,50.11,0.612  Ld,5.17
SMR03-0219-0252,2019-04-23 05:00:00,4.487,4.52,250.53,252.22,252.75,9.96,1.26,6.78,50.09,0.986  Ld,5.17
SMR03-0219-0252,2019-04-23 04:00:00,4.423,4.453,248.31,250.21,250.38,10.67,1.27,6.84,50.03,0.978  Ld,5.17
SMR03-0219-0252,2019-04-23 03:00:00,4.652,4.679,247.59,249.49,249.76,10.71,1.27,6.86,50.04,0.988  Ld,5.17
SMR03-0219-0252,2019-04-23 02:00:00,4.641,4.667,245.53,247.48,247.65,10.8,1.28,6.88,50.04,0.977  Ld,5.17
SMR03-0219-0252,2019-04-23 01:00:00,4.617,4.641,241.59,243.66,243.88,10.89,1.29,6.94,50.05,0.98  Ld,5.17
SMR03-0219-0252,2019-04-23 00:00:00,4.607,4.633,240.44,242.43,242.54,10.91,1.3,6.98,50.05,0.988  Ld,5.17
SMR03-0219-0252,2019-04-22 23:00:00,4.605,4.63,242.11,244.15,244.36,10.58,1.29,6.91,50.06,0.987  Ld,5.17
SMR03-0219-0252,2019-04-22 22:00:00,4.531,4.558,240.23,242.3,242.27,10.92,1.31,6.38,50.01,0.98  Ld,5.17
SMR03-0219-0252,2019-04-22 21:00:00,4.572,4.598,241.79,244.06,243.84,10.86,1.29,6.58,50.06,0.986  Ld,5.17
SMR03-0219-0252,2019-04-22 20:00:00,4.234,4.267,239.64,242.06,241.66,9.8,1.34,5.83,50,0.985  Ld,5.17
SMR03-0219-0252,2019-04-22 19:00:00,0.663,0.668,244.49,245.46,245.89,1.29,0,0.58,50.06,0.706  Lag,5.17
SMR03-0219-0252,2019-04-22 18:00:00,0,0,247.12,247.9,248.47,0,0,0,50.12,--,5.17
SMR03-0219-0252,2019-04-22 17:00:00,0,0,247.35,248.17,248.73,0,0,0,50.12,--,5.17
SMR03-0219-0252,2019-04-22 16:00:00,0,0,245.48,246.08,246.68,0,0,0,50.02,--,5.17
SMR03-0219-0252,2019-04-22 15:00:00,0,0,244.47,245.09,245.62,0,0,0,50.09,--,5.17
SMR03-0219-0252,2019-04-22 14:00:00,0,0,246.62,247.59,247.94,0,0,0,50.04,--,5.17
SMR03-0219-0252,2019-04-22 13:00:00,0,0,244.24,245.13,245.38,0,0,0,50.07,--,5.17
SMR03-0219-0252,2019-04-22 12:00:00,0,0,242.92,243.74,244.01,0,0,0,50.08,--,5.17
SMR03-0219-0252,2019-04-22 11:00:00,0,0,243.61,244.46,244.85,0,0,0,50.62,--,5.17
SMR03-0219-0252,2019-04-22 10:00:00,0,0,246.81,247.7,247.95,0,0,0,50.03,--,5.17
SMR03-0219-0252,2019-04-22 09:00:00,0,0,251.19,252.14,252.57,0,0,0,50.09,--,5.17
SMR03-0219-0252,2019-04-22 08:00:00,0,0,250.41,250.91,252.17,0,0,0,50.05,--,5.17
SMR03-0219-0252,2019-04-22 07:00:00,0,0,249.54,250.22,251.3,0,0,0,50,--,5.17
SMR03-0219-0252,2019-04-22 06:00:00,3.63,3.658,249.01,250.81,251.25,8.39,1.26,5.87,50.05,0.643  Ld,5.17
SMR03-0219-0252,2019-04-22 05:00:00,4.481,4.514,249.61,251.43,251.83,9.93,1.26,6.8,50.07,0.986  Ld,5.17
SMR03-0219-0252,2019-04-22 04:00:00,4.481,4.513,247.65,249.46,249.85,9.99,1.27,6.84,50,0.986  Ld,5.17
SMR03-0219-0252,2019-04-22 03:00:00,4.462,4.494,246.85,248.42,248.93,9.97,1.27,6.83,49.96,0.986  Ld,5.17
SMR03-0219-0252,2019-04-22 02:00:00,4.446,4.478,245.85,247.48,247.9,10.03,1.28,6.88,50,0.987  Ld,5.17
SMR03-0219-0252,2019-04-22 01:00:00,4.438,4.469,243.81,245.43,245.87,10.05,1.29,6.9,50.14,0.986  Ld,5.17
SMR03-0219-0252,2019-04-22 00:00:00,4.118,4.148,242.2,243.76,244.03,10.11,1.29,6.93,50.04,0.987  Ld,5.17
SMR03-0219-0252,2019-04-21 23:00:00,4.433,4.462,242.24,243.67,243.99,10.08,1.29,6.96,50.06,0.987  Ld,5.17
SMR03-0219-0252,2019-04-21 22:00:00,4.393,4.425,242.04,243.81,244.01,10.1,1.3,6.39,49.96,0.985  Ld,5.17
SMR03-0219-0252,2019-04-21 21:00:00,4.276,4.309,240.33,242.27,242.21,10.17,1.31,6.43,50.03,0.986  Ld,5.17
SMR03-0219-0252,2019-04-21 20:00:00,4.29,4.323,241.7,243.83,243.71,10.09,1.32,6.43,50,0.986  Ld,5.17
SMR03-0219-0252,2019-04-21 19:00:00,0.721,0.728,247.59,249.03,249.48,1.44,0,0.62,50.11,0.687  Lag,5.17
SMR03-0219-0252,2019-04-21 18:00:00,0,0,252.22,252.99,253.78,0,0,0,50.05,--,5.17
SMR03-0219-0252,2019-04-21 17:00:00,0,0,250.9,251.51,252.37,0,0,0,50.07,--,5.17
SMR03-0219-0252,2019-04-21 16:00:00,0,0,250.56,251.41,252.11,0,0,0,50.09,--,5.17
SMR03-0219-0252,2019-04-21 15:00:00,0,0,249.17,249.31,249.67,0,0,0,50.06,--,5.17
SMR03-0219-0252,2019-04-21 14:00:00,0,0,251.51,250.82,250.41,0,0,0,50.07,--,5.17
SMR03-0219-0252,2019-04-21 13:00:00,0,0,252.58,253.34,254.08,0,0,0,50.07,--,5.17
SMR03-0219-0252,2019-04-21 12:00:00,0,0,251.91,252.79,253.41,0,0,0,50.15,--,5.17
SMR03-0219-0252,2019-04-21 11:00:00,0,0,251.06,251.77,252.6,0,0,0,50.07,--,5.17
SMR03-0219-0252,2019-04-21 10:00:00,0,0,252.78,253.39,254.16,0,0,0,50.02,--,5.17
SMR03-0219-0252,2019-04-21 09:00:00,0,0,254.94,255.4,256.34,0,0,0,50.05,--,5.17
SMR03-0219-0252,2019-04-21 08:00:00,0,0,254.58,255.21,255.99,0,0,0,50.07,--,5.17
SMR03-0219-0252,2019-04-21 07:00:00,0,0,253.02,253.79,254.71,0,0,0,50.13,--,5.17
SMR03-0219-0252,2019-04-21 06:00:00,3.739,3.768,252.15,254.01,254.35,8.74,1.24,5.92,50.06,0.666  Ld,5.17
SMR03-0219-0252,2019-04-21 05:00:00,4.582,4.614,252.6,254.4,254.69,10.21,1.25,6.74,50.05,0.986  Ld,5.17
SMR03-0219-0252,2019-04-21 04:00:00,4.578,4.612,251.27,253.03,253.43,10.24,1.25,6.77,49.97,0.955  Ld,5.17
SMR03-0219-0252,2019-04-21 03:00:00,4.569,4.6,251.01,252.73,253.19,10.21,1.26,6.76,50.08,0.987  Ld,5.17
SMR03-0219-0252,2019-04-21 02:00:00,4.523,4.556,249.27,250.86,251.36,10.25,1.26,6.8,50.06,0.987  Ld,5.17
SMR03-0219-0252,2019-04-21 01:00:00,4.506,4.537,247.39,249.26,249.4,10.3,1.27,6.24,49.96,0.986  Ld,5.17
SMR03-0219-0252,2019-04-21 00:00:00,4.461,4.494,246.39,248.21,248.31,10.03,1.28,6.89,49.93,0.969  Ld,5.17
SMR03-0219-0252,2019-04-20 23:00:00,4.422,4.455,245.9,247.73,247.99,10.31,1.28,6.25,50.09,0.986  Ld,5.17
SMR03-0219-0252,2019-04-20 22:00:00,4.439,4.471,243.84,245.75,245.85,10.17,1.28,6.92,50.06,0.979  Ld,5.17
SMR03-0219-0252,2019-04-20 21:00:00,4.477,4.508,241.39,243.5,243.42,10.55,1.3,6.98,50.05,0.935  Ld,5.17
SMR03-0219-0252,2019-04-20 20:00:00,4.471,4.502,242.48,244.48,244.34,10.05,1.32,6.29,50.04,0.975  Ld,5.17
SMR03-0219-0252,2019-04-20 19:00:00,0.781,0.788,247.97,249.1,249.66,1.51,0,0.73,50.1,0.672  Lag,5.17
SMR03-0219-0252,2019-04-20 18:00:00,0,0,251.64,252.38,252.75,0,0,0,50.05,--,5.17
SMR03-0219-0252,2019-04-20 17:00:00,0,0,251.66,252.44,252.93,0,0,0,50.06,--,5.17
SMR03-0219-0252,2019-04-20 16:00:00,0,0,252.2,252.84,253.24,0,0,0,49.98,--,5.17
SMR03-0219-0252,2019-04-20 15:00:00,0,0,252.33,253.13,253.44,0,0,0,50,--,5.17
SMR03-0219-0252,2019-04-20 14:00:00,0,0,252.66,253.45,253.88,0,0,0,50.16,--,5.17
SMR03-0219-0252,2019-04-20 13:00:00,0,0,249.12,250.15,250.42,0,0,0,50.12,--,5.17
SMR03-0219-0252,2019-04-20 12:00:00,0,0,248.96,249.82,250.3,0,0,0,50.06,--,5.17
SMR03-0219-0252,2019-04-20 11:00:00,0,0,248.53,249.26,249.58,0,0,0,50.08,--,5.17
SMR03-0219-0252,2019-04-20 10:00:00,0,0,249.46,250.13,250.76,0,0,0,50.02,--,5.17
SMR03-0219-0252,2019-04-20 09:00:00,0,0,253.1,253.6,254.37,0,0,0,50.02,--,5.17
SMR03-0219-0252,2019-04-20 08:00:00,0,0,254.09,254.72,255.53,0,0,0,50.06,--,5.17
SMR03-0219-0252,2019-04-20 07:00:00,0,0,252.92,253.53,254.44,0,0,0,49.96,--,5.17
SMR03-0219-0252,2019-04-20 06:00:00,3.861,3.89,252.01,253.73,253.9,8.9,1.25,6.06,50.04,0.707  Ld,5.17
SMR03-0219-0252,2019-04-20 05:00:00,4.578,4.61,253.71,255.29,255.66,10.11,1.25,6.76,50.14,0.987  Ld,5.17
SMR03-0219-0252,2019-04-20 04:00:00,4.579,4.612,253.06,254.6,254.99,10.11,1.25,6.77,50.08,0.986  Ld,5.17
SMR03-0219-0252,2019-04-20 03:00:00,4.566,4.599,251.04,252.68,253,10.17,1.26,6.8,50.02,0.972  Ld,5.17
SMR03-0219-0252,2019-04-20 02:00:00,4.56,4.592,249.44,251.21,251.39,10.24,1.27,6.85,50.06,0.967  Ld,5.17
SMR03-0219-0252,2019-04-20 01:00:00,4.565,4.597,248.15,249.94,249.94,10.26,1.28,6.9,50.05,0.986  Ld,5.17
SMR03-0219-0252,2019-04-20 00:00:00,4.552,4.583,247.61,249.32,249.36,10.27,1.29,6.89,50.01,0.986  Ld,5.17
SMR03-0219-0252,2019-04-19 23:00:00,4.477,4.51,247.08,248.81,248.79,10.27,1.28,6.29,50.02,0.98  Ld,5.17
SMR03-0219-0252,2019-04-19 22:00:00,4.338,4.373,244.68,246.54,246.6,10.39,1.29,6.38,50.02,0.986  Ld,5.17
SMR03-0219-0252,2019-04-19 21:00:00,4.394,4.427,243.38,245.34,245.19,10.4,1.3,6.7,50.11,0.985  Ld,5.17
SMR03-0219-0252,2019-04-19 20:00:00,4.298,4.333,242.66,244.66,244.64,10.03,1.32,6.17,50.05,0.953  Ld,5.17
SMR03-0219-0252,2019-04-19 19:00:00,0.82,0.826,248.18,249.45,249.65,1.6,0,0.77,50.06,0.652  Lag,5.17
SMR03-0219-0252,2019-04-19 18:00:00,0,0,249.73,250.52,251.11,0,0,0,49.87,--,5.17
SMR03-0219-0252,2019-04-19 17:00:00,0,0,250.23,250.78,251.49,0,0,0,50.04,--,5.17
SMR03-0219-0252,2019-04-19 16:00:00,0,0,251.07,251.58,252.24,0,0,0,50.08,--,5.17
SMR03-0219-0252,2019-04-19 15:00:00,0,0,250.77,251.31,251.89,0,0,0,50.08,--,5.17
SMR03-0219-0252,2019-04-19 14:00:00,0,0,251.48,252.14,252.82,0,0,0,50.11,--,5.17
SMR03-0219-0252,2019-04-19 13:00:00,0,0,249.04,249.76,250.34,0,0,0,50.08,--,5.17
SMR03-0219-0252,2019-04-19 12:00:00,0,0,248.85,249.54,250.07,0,0,0,50.09,--,5.17
SMR03-0219-0252,2019-04-19 11:00:00,0,0,248.18,248.95,249.59,0,0,0,50.11,--,5.17
SMR03-0219-0252,2019-04-19 10:00:00,0,0,248.48,249.09,249.78,0,0,0,49.99,--,5.17
SMR03-0219-0252,2019-04-19 09:00:00,0,0,251.38,252.07,253.03,0,0,0,50.09,--,5.17
SMR03-0219-0252,2019-04-19 08:00:00,0,0,252.83,253.49,254.42,0,0,0,50,--,5.17
SMR03-0219-0252,2019-04-19 07:00:00,0,0,253.27,253.82,254.9,0,0,0,50,--,5.17
SMR03-0219-0252,2019-04-19 06:00:00,3.806,3.837,252.53,254.09,254.55,8.7,1.25,6.07,50.02,0.726  Ld,5.17
SMR03-0219-0252,2019-04-19 05:00:00,4.535,4.568,253.3,254.79,255.38,10.09,1.25,6.68,50.09,0.987  Ld,5.17
SMR03-0219-0252,2019-04-19 04:00:00,4.653,4.684,253.75,255.37,255.78,10.08,1.26,7.3,50.02,0.987  Ld,5.17
SMR03-0219-0252,2019-04-19 03:00:00,4.703,4.732,252.83,254.41,254.83,10.04,1.25,7.3,50.06,0.987  Ld,5.17
SMR03-0219-0252,2019-04-19 02:00:00,4.685,4.714,251.28,252.74,253.18,10.1,1.26,7.34,50.05,0.988  Ld,5.17
SMR03-0219-0252,2019-04-19 01:00:00,4.676,4.705,250.11,251.73,252.02,10.11,1.26,7.35,50.08,0.988  Ld,5.17
SMR03-0219-0252,2019-04-19 00:00:00,4.564,4.594,248.14,249.93,250.04,9.82,1.27,7.39,49.98,0.966  Ld,5.17
SMR03-0219-0252,2019-04-18 23:00:00,4.473,4.504,248.19,250,250.33,10.14,1.27,6.24,50.13,0.986  Ld,5.17
SMR03-0219-0252,2019-04-18 22:00:00,4.47,4.501,244.71,246.46,246.76,10.29,1.29,6.85,49.96,0.964  Ld,5.17
SMR03-0219-0252,2019-04-18 21:00:00,4.506,4.535,243.19,245.04,245.2,10.06,1.32,7.49,50.02,0.987  Ld,5.17
SMR03-0219-0252,2019-04-18 20:00:00,3.913,3.944,241.86,243.77,243.94,9.96,1.38,6.47,49.97,0.968  Ld,5.17
SMR03-0219-0252,2019-04-18 19:00:00,0.887,0.895,248.52,249.81,250.14,1.67,0.04,0.83,50.1,0.637  Lag,5.17
SMR03-0219-0252,2019-04-18 18:00:00,0,0,247.86,248.54,249.29,0,0,0,50.07,--,5.17
SMR03-0219-0252,2019-04-18 17:00:00,0,0,249.24,249.9,250.63,0,0,0,50.09,--,5.17
SMR03-0219-0252,2019-04-18 16:00:00,0,0,249.31,249.86,250.64,0,0,0,49.94,--,5.17
SMR03-0219-0252,2019-04-18 15:00:00,0,0,249.08,249.65,250.38,0,0,0,50.08,--,5.17
SMR03-0219-0252,2019-04-18 14:00:00,0,0,251.84,252.6,253.17,0,0,0,50.13,--,5.17
SMR03-0219-0252,2019-04-18 13:00:00,0,0,248.31,248.99,249.57,0,0,0,50.13,--,5.17
SMR03-0219-0252,2019-04-18 12:00:00,0,0,247.03,247.86,248.47,0,0,0,50.09,--,5.17
SMR03-0219-0252,2019-04-18 11:00:00,0,0,247.96,248.8,249.4,0,0,0,50.14,--,5.17
SMR03-0219-0252,2019-04-18 10:00:00,0,0,249.94,250.75,251.29,0,0,0,50.05,--,5.17
SMR03-0219-0252,2019-04-18 09:00:00,0,0,252.84,253.62,254.61,0,0,0,50.05,--,5.17
SMR03-0219-0252,2019-04-18 08:00:00,0,0,253.94,254.45,255.39,0,0,0,50.01,--,5.17
SMR03-0219-0252,2019-04-18 07:00:00,0,0,254.65,255.44,256.41,0,0,0,50.01,--,5.17
SMR03-0219-0252,2019-04-18 06:00:00,4.542,4.587,255.83,257.02,258.07,8.73,4.27,5.69,49.93,0.765  Ld,5.17
SMR03-0219-0252,2019-04-18 05:00:00,4.411,4.453,256.62,258.33,258.87,9.6,1.37,6.12,50.01,0.985  Ld,5.17
SMR03-0219-0252,2019-04-18 04:00:00,4.468,4.505,256.17,257.68,258.15,9.59,1.31,7.28,50.02,0.987  Ld,5.17
SMR03-0219-0252,2019-04-18 03:00:00,4.628,4.661,256.34,257.96,258.43,9.59,1.25,7.29,50.01,0.987  Ld,5.17
SMR03-0219-0252,2019-04-18 02:00:00,4.626,4.658,255.28,256.83,257.14,9.62,1.25,7.32,50.03,0.987  Ld,5.17
SMR03-0219-0252,2019-04-18 01:00:00,4.62,4.653,255.08,256.58,256.94,9.59,1.26,7.31,50.09,0.987  Ld,5.17
SMR03-0219-0252,2019-04-18 00:00:00,4.61,4.641,253.48,255.09,255.33,9.63,1.36,7.35,50.04,0.986  Ld,5.17
SMR03-0219-0252,2019-04-17 23:00:00,4.453,4.489,253.68,255.25,255.73,9.6,1.27,6.19,50.07,0.985  Ld,5.17
SMR03-0219-0252,2019-04-17 22:00:00,4.312,4.351,251.94,253.61,253.91,9.68,1.27,6.26,50.11,0.984  Ld,5.17
SMR03-0219-0252,2019-04-17 21:00:00,4.306,4.343,247.94,249.67,249.88,9.86,1.31,6.37,50.05,0.985  Ld,5.17
SMR03-0219-0252,2019-04-17 20:00:00,4.298,4.334,244.83,246.66,246.71,10.01,1.34,6.48,49.93,0.985  Ld,5.17
SMR03-0219-0252,2019-04-17 19:00:00,0.896,0.904,248.31,249.64,249.9,1.69,0,0.89,50.09,0.627  Lag,5.17
SMR03-0219-0252,2019-04-17 18:00:00,0,0,251.27,251.99,252.83,0,0,0,50.06,--,5.17
SMR03-0219-0252,2019-04-17 17:00:00,0,0,248.48,249.44,250.29,0,0,0,50.08,--,5.17
SMR03-0219-0252,2019-04-17 16:00:00,0,0,240.78,240.39,240.26,0,0,0,50.9,--,5.17
SMR03-0219-0252,2019-04-17 15:00:00,0,0,237.96,236.98,236.42,0,0,0,49.97,--,5.17
SMR03-0219-0252,2019-04-17 14:00:00,0,0,0,0,0,0,0,0,0,--,5.17
SMR03-0219-0252,2019-04-17 13:00:00,0,0,238.09,237.26,236.59,0,0,0,50.95,--,5.17
SMR03-0219-0252,2019-04-17 12:00:00,0,0,239.57,238.6,237.97,0,0,0,50.05,--,5.17
SMR03-0219-0252,2019-04-17 11:00:00,0,0,240.47,239.68,239.01,0,0,0,50.07,--,5.17
SMR03-0219-0252,2019-04-17 10:00:00,0,0,242.34,241.44,240.73,0,0,0,50.08,--,5.17
SMR03-0219-0252,2019-04-17 09:00:00,0,0,247.09,246.03,245.44,0,0,0,50.11,--,5.17
SMR03-0219-0252,2019-04-17 08:00:00,0,0,247.59,246.6,246.1,0,0,0,50.1,--,5.17
SMR03-0219-0252,2019-04-17 07:00:00,0,0,248.27,247.36,246.75,0,0,0,49.95,--,5.17
SMR03-0219-0252,2019-04-17 06:00:00,3.762,3.792,248.26,248.21,247.38,8.7,1.29,5.98,50.08,0.796  Ld,5.17
SMR03-0219-0252,2019-04-17 05:00:00,4.301,4.331,247.47,247.33,246.19,9.44,1.3,6.9,50.08,0.987  Ld,5.17
SMR03-0219-0252,2019-04-17 04:00:00,3.865,3.89,246.75,246.8,245.75,9.61,1.33,7.29,50.03,0.94  Ld,5.17
SMR03-0219-0252,2019-04-17 03:00:00,0.419,0.422,246.79,247.04,246.01,9.63,1.35,7.14,50.06,0.987  Ld,5.17
SMR03-0219-0252,2019-04-17 02:00:00,0,0,0,0,0,0,0,0,0,--,5.17
SMR03-0219-0252,2019-04-17 01:00:00,0,0,0,0,0,0,0,0,0,--,5.17
SMR03-0219-0252,2019-04-17 00:00:00,4.142,4.172,242.31,242.18,241.13,9.75,1.33,6.55,49.94,0.986  Ld,5.17
SMR03-0219-0252,2019-04-16 23:00:00,4.244,4.275,244.19,244.19,243.14,9.66,1.33,6.5,50.04,0.987  Ld,5.17
SMR03-0219-0252,2019-04-16 22:00:00,3.763,3.797,250.26,249.74,249.12,9.5,3.83,6.33,50.06,0.928  Ld,5.17
SMR03-0219-0252,2019-04-16 21:00:00,4.403,4.436,247.68,247.48,246.65,10.54,1.34,7.16,50.18,0.971  Ld,5.17
SMR03-0219-0252,2019-04-16 20:00:00,4.379,4.407,238.09,237.98,237.06,9.81,1.37,7.23,50.06,0.988  Ld,5.17
SMR03-0219-0252,2019-04-16 19:00:00,0.932,0.938,243.1,242.39,241.81,1.81,0,0.96,50.08,0.601  Lag,5.17
SMR03-0219-0252,2019-04-16 18:00:00,0,0,244.57,243.6,243,0,0,0,50.12,--,5.17
SMR03-0219-0252,2019-04-16 17:00:00,0,0,242.07,241.15,240.67,0,0,0,50.1,--,5.17
SMR03-0219-0252,2019-04-16 16:00:00,0,0,239.78,239.08,238.69,0,0,0,50.08,--,5.17
SMR03-0219-0252,2019-04-16 15:00:00,0,0,242.1,241.17,240.75,0,0,0,50.03,--,5.17
SMR03-0219-0252,2019-04-16 14:00:00,0,0,245.72,244.91,244.1,0,0,0,50.15,--,5.17
SMR03-0219-0252,2019-04-16 13:00:00,0,0,241.58,240.89,240.02,0,0,0,49.87,--,5.17
SMR03-0219-0252,2019-04-16 12:00:00,0,0,241.52,240.59,239.98,0,0,0,50.17,--,5.17
SMR03-0219-0252,2019-04-16 11:00:00,0,0,243.97,243.01,242.57,0,0,0,50.61,--,5.17
SMR03-0219-0252,2019-04-16 10:00:00,0,0,247.56,246.48,246.11,0,0,0,50.03,--,5.17
SMR03-0219-0252,2019-04-16 09:00:00,0,0,249.31,248.34,247.93,0,0,0,49.96,--,5.17
SMR03-0219-0252,2019-04-16 08:00:00,0,0,249.6,248.4,247.66,0,0,0,50.07,--,5.17
SMR03-0219-0252,2019-04-16 07:00:00,0,0,249.88,248.84,248.26,0,0,0,50.09,--,5.17
SMR03-0219-0252,2019-04-16 06:00:00,4.072,4.1,249.69,249.49,248.41,8.97,1.29,6.27,50.05,0.83  Ld,5.17
SMR03-0219-0252,2019-04-16 05:00:00,4.461,4.49,250.15,249.77,248.59,9.65,1.3,7.23,50.08,0.988  Ld,5.17
SMR03-0219-0252,2019-04-16 04:00:00,4.372,4.403,251.06,250.77,249.54,9.49,1.29,6.46,50.06,0.971  Ld,5.17
SMR03-0219-0252,2019-04-16 03:00:00,2.175,2.193,251.69,251.47,250.43,9.41,1.31,6.03,50.03,0.935  Ld,5.17
SMR03-0219-0252,2019-04-16 02:00:00,0,0,0,0,0,0,0,0,0,--,5.17
SMR03-0219-0252,2019-04-16 01:00:00,3.64,3.667,244.67,244.39,243.51,10.37,1.33,7.6,50.11,0.977  Ld,5.17
SMR03-0219-0252,2019-04-16 00:00:00,4.562,4.586,235.23,235.18,234.34,10.49,1.35,7.7,50.02,0.974  Ld,5.17
SMR03-0219-0252,2019-04-15 23:00:00,4.495,4.52,234.61,234.69,233.57,10.52,1.34,7.07,50.17,0.987  Ld,5.17
SMR03-0219-0252,2019-04-15 22:00:00,4.41,4.436,235.53,235.36,234.42,10.42,1.34,7.08,50.03,0.987  Ld,5.17
SMR03-0219-0252,2019-04-15 21:00:00,4.47,4.495,234.02,234.19,233.34,10.55,1.36,7.73,50.08,0.988  Ld,5.17
SMR03-0219-0252,2019-04-15 20:00:00,4.132,4.156,233.41,233.5,232.83,10.41,1.37,6.42,50.04,0.938  Ld,5.17
SMR03-0219-0252,2019-04-15 19:00:00,0.961,0.968,240.56,240.38,239.79,1.99,0,0.92,50.14,0.585  Lag,5.17
SMR03-0219-0252,2019-04-15 18:00:00,0,0,241.1,240.27,239.73,0,0,0,50.03,--,5.17
SMR03-0219-0252,2019-04-15 17:00:00,0,0,239.35,238.41,238.13,0,0,0,50.08,--,5.17
SMR03-0219-0252,2019-04-15 16:00:00,0,0,238.14,237.18,236.81,0,0,0,50.03,--,5.17
SMR03-0219-0252,2019-04-15 15:00:00,0,0,240.7,239.62,239.3,0,0,0,50.1,--,5.17
SMR03-0219-0252,2019-04-15 14:00:00,0,0,243.15,242.07,241.83,0,0,0,50.08,--,5.17
SMR03-0219-0252,2019-04-15 13:00:00,0,0,239.68,238.46,238.41,0,0,0,50.1,--,5.17
SMR03-0219-0252,2019-04-15 12:00:00,0,0,236.52,235.72,235.51,0,0,0,50.06,--,5.17
SMR03-0219-0252,2019-04-15 11:00:00,0,0,239.07,237.9,237.62,0,0,0,50.05,--,5.17
SMR03-0219-0252,2019-04-15 10:00:00,0,0,241.02,239.95,239.69,0,0,0,50.02,--,5.17
SMR03-0219-0252,2019-04-15 09:00:00,0,0,245.09,243.99,243.79,0,0,0,50.1,--,5.17
SMR03-0219-0252,2019-04-15 08:00:00,0,0,245.22,244.21,243.77,0,0,0,50.06,--,5.17
SMR03-0219-0252,2019-04-15 07:00:00,0,0,242.47,241.55,241.22,0,0,0,49.86,--,5.17
SMR03-0219-0252,2019-04-15 06:00:00,4.225,4.251,243.25,243.41,242.63,9.75,1.32,6.7,50.05,0.862  Ld,5.17
SMR03-0219-0252,2019-04-15 05:00:00,4.609,4.636,243.12,242.91,242.16,10.3,1.32,7.57,50.05,0.988  Ld,5.17
SMR03-0219-0252,2019-04-15 04:00:00,4.622,4.648,241.89,241.62,240.87,10.33,1.33,7.6,50.02,0.982  Ld,5.17
SMR03-0219-0252,2019-04-15 03:00:00,4.689,4.713,239.28,239.15,238.45,10.77,1.34,7.65,50.07,0.969  Ld,5.17
SMR03-0219-0252,2019-04-15 02:00:00,4.688,4.711,235.66,235.56,234.98,10.94,1.37,7.74,50.06,0.819  Ld,5.17
SMR03-0219-0252,2019-04-15 01:00:00,4.697,4.719,232.96,233.06,232.22,11.06,1.42,7.89,50.02,0.788  Ld,5.17
SMR03-0219-0252,2019-04-15 00:00:00,0.13,0.13,237.05,236.85,236.01,10.57,1.46,7.85,50.01,0.786  Ld,5.17
SMR03-0219-0252,2019-04-14 23:00:00,0.819,0.824,232.92,232.79,232.01,10.64,1.37,7.76,50.05,0.988  Ld,5.17
SMR03-0219-0252,2019-04-14 22:00:00,4.647,4.67,233.33,233.41,232.7,10.99,1.37,7.77,49.96,0.817  Ld,5.17
SMR03-0219-0252,2019-04-14 21:00:00,4.632,4.654,232.67,232.71,231.59,10.6,1.37,7.77,49.99,0.894  Ld,5.17
SMR03-0219-0252,2019-04-14 20:00:00,4.509,4.533,232.93,232.96,232.15,10.51,1.38,6.81,50,0.945  Ld,5.17
SMR03-0219-0252,2019-04-14 19:00:00,1.004,1.011,239.66,239.01,238.51,2.1,0,1,50.14,0.563  Lag,5.17
SMR03-0219-0252,2019-04-14 18:00:00,0,0,239.41,238.28,237.85,0,0,0,50.09,--,5.17
SMR03-0219-0252,2019-04-14 17:00:00,0,0,237.91,236.94,236.17,0,0,0,50.1,--,5.17
SMR03-0219-0252,2019-04-14 16:00:00,0,0,242.1,240.78,240.29,0,0,0,50.01,--,5.17
SMR03-0219-0252,2019-04-14 15:00:00,0,0,243.85,242.51,242.22,0,0,0,50.04,--,5.17
SMR03-0219-0252,2019-04-14 14:00:00,0,0,244.88,243.59,243.25,0,0,0,50.09,--,5.17
SMR03-0219-0252,2019-04-14 13:00:00,0,0,244.45,243.12,243.04,0,0,0,50.07,--,5.17
SMR03-0219-0252,2019-04-14 12:00:00,0,0,244.92,244.59,243.34,0,0,0,50.02,--,5.17
SMR03-0219-0252,2019-04-14 11:00:00,0,0,245.71,244.95,244.34,0,0,0,50.05,--,5.17
SMR03-0219-0252,2019-04-14 10:00:00,0,0,245.98,245.28,244.91,0,0,0,50.08,--,5.17
SMR03-0219-0252,2019-04-14 09:00:00,0,0,248.82,248.04,247.7,0,0,0,50.1,--,5.17
SMR03-0219-0252,2019-04-14 08:00:00,0,0,249.41,248.56,248.16,0,0,0,50.06,--,5.17
SMR03-0219-0252,2019-04-14 07:00:00,0,0,248.42,247.64,247.09,0,0,0,50.12,--,5.17
SMR03-0219-0252,2019-04-14 06:00:00,4.403,4.43,247.4,247.76,246.64,10.1,1.3,7.13,50.07,0.898  Ld,5.17
SMR03-0219-0252,2019-04-14 05:00:00,4.735,4.762,246.52,246.68,245.56,10.5,1.3,7.48,50.03,0.988  Ld,5.17
SMR03-0219-0252,2019-04-14 04:00:00,4.721,4.747,245.92,245.98,245.02,10.53,1.3,7.49,50.06,0.988  Ld,5.17
SMR03-0219-0252,2019-04-14 03:00:00,4.711,4.736,243.01,243.12,242.08,10.68,1.32,7.57,50.05,0.988  Ld,5.17
SMR03-0219-0252,2019-04-14 02:00:00,4.703,4.727,242.2,242.34,241.33,10.66,1.32,7.56,50.08,0.927  Ld,5.17
SMR03-0219-0252,2019-04-14 01:00:00,4.691,4.715,240.83,240.78,239.86,10.42,1.33,7.59,50.03,0.976  Ld,5.17
SMR03-0219-0252,2019-04-14 00:00:00,4.614,4.639,237.89,238.15,236.98,10.9,1.35,7.69,49.9,0.988  Ld,5.17
SMR03-0219-0252,2019-04-13 23:00:00,4.674,4.698,236.69,236.96,235.93,10.87,1.35,7.59,50,0.875  Ld,5.17
SMR03-0219-0252,2019-04-13 22:00:00,4.285,4.308,237.53,237.75,236.64,10.58,1.35,7.67,50.03,0.989  Ld,5.17
SMR03-0219-0252,2019-04-13 21:00:00,4.548,4.574,236.87,237.06,236.1,10.77,1.36,7.11,50.04,0.982  Ld,5.17
SMR03-0219-0252,2019-04-13 20:00:00,4.398,4.425,236.22,236.57,235.47,10.39,1.37,6.89,49.99,0.987  Ld,5.17
SMR03-0219-0252,2019-04-13 19:00:00,1.076,1.083,241.25,241.02,240.24,2.16,0,1.04,50.14,0.547  Lag,5.17
SMR03-0219-0252,2019-04-13 18:00:00,0,0,242.12,241.36,240.67,0,0,0,50.04,--,5.17
SMR03-0219-0252,2019-04-13 17:00:00,0,0,240.24,239.45,238.96,0,0,0,49.97,--,5.17
SMR03-0219-0252,2019-04-13 16:00:00,0,0,240.92,240.25,239.6,0,0,0,50.06,--,5.17
SMR03-0219-0252,2019-04-13 15:00:00,0,0,242.89,241.96,241.3,0,0,0,50.12,--,5.17
SMR03-0219-0252,2019-04-13 14:00:00,0,0,245.4,244.5,243.88,0,0,0,50.15,--,5.17
SMR03-0219-0252,2019-04-13 13:00:00,0,0,243.54,242.61,242.19,0,0,0,50.1,--,5.17
SMR03-0219-0252,2019-04-13 12:00:00,0,0,235.74,234.89,234.35,0,0,0,50.01,--,5.17
SMR03-0219-0252,2019-04-13 11:00:00,0,0,231.77,231.01,230.5,0,0,0,50.12,--,5.17
SMR03-0219-0252,2019-04-13 10:00:00,0,0,233.92,233.13,232.74,0,0,0,50.07,--,5.17
SMR03-0219-0252,2019-04-13 09:00:00,0,0,237.99,237.07,236.64,0,0,0,50.08,--,5.17
SMR03-0219-0252,2019-04-13 08:00:00,0,0,238.41,237.41,236.87,0,0,0,50.03,--,5.17
SMR03-0219-0252,2019-04-13 07:00:00,0,0,235.76,234.93,234.49,0,0,0,50.12,--,5.17
SMR03-0219-0252,2019-04-13 06:00:00,2.695,2.714,232.23,232.59,231.64,10.2,1.3,6.41,51.13,0.846  Ld,5.17
SMR03-0219-0252,2019-04-13 05:00:00,4.476,4.501,235.61,235.86,234.97,10.93,1.35,6.85,50.02,0.988  Ld,5.17
SMR03-0219-0252,2019-04-13 04:00:00,4.477,4.501,236.11,236.02,235.18,10.9,1.35,6.84,50.06,0.987  Ld,5.17
SMR03-0219-0252,2019-04-13 03:00:00,4.469,4.493,233.72,233.95,233.07,10.67,1.37,6.89,50.07,0.987  Ld,5.17
SMR03-0219-0252,2019-04-13 02:00:00,4.388,4.413,231.41,231.71,230.78,10.76,1.38,6.96,50.01,0.988  Ld,5.17
SMR03-0219-0252,2019-04-13 01:00:00,4.381,4.405,228.01,228.36,227.26,10.91,1.4,7.05,49.83,0.918  Ld,5.17
SMR03-0219-0252,2019-04-13 00:00:00,4.434,4.456,227.39,227.65,226.77,11.29,1.4,7.05,50.04,0.922  Ld,5.17
SMR03-0219-0252,2019-04-12 23:00:00,4.43,4.452,224.76,225.09,224.34,11.3,1.41,7.08,50.04,0.876  Ld,5.17
SMR03-0219-0252,2019-04-12 22:00:00,4.395,4.419,227.41,227.7,226.92,10.85,1.4,7.03,50.07,0.973  Ld,5.17
SMR03-0219-0252,2019-04-12 21:00:00,4.346,4.369,225.58,226.11,225.08,10.85,1.41,7.08,50.02,0.988  Ld,5.17
SMR03-0219-0252,2019-04-12 20:00:00,4.254,4.277,225.95,226.42,225.53,10.99,1.45,6.22,50.02,0.978  Ld,5.17
SMR03-0219-0252,2019-04-12 19:00:00,1.083,1.09,227.49,227.35,226.57,2.42,0,1.17,50.12,0.525  Lag,5.17
SMR03-0219-0252,2019-04-12 18:00:00,0,0,227.53,226.79,226.14,0,0,0,50.1,--,5.17
SMR03-0219-0252,2019-04-12 17:00:00,0,0,224.25,223.42,222.92,0,0,0,49.93,--,5.17
SMR03-0219-0252,2019-04-12 16:00:00,0,0,224.63,223.89,223.54,0,0,0,49.94,--,5.17
SMR03-0219-0252,2019-04-12 15:00:00,0,0,233.55,232.78,232.21,0,0,0,49.99,--,5.17
SMR03-0219-0252,2019-04-12 14:00:00,0,0,237.7,236.87,236,0,0,0,50.08,--,5.17
SMR03-0219-0252,2019-04-12 13:00:00,0,0,235.84,235.18,234.43,0,0,0,50.11,--,5.17
SMR03-0219-0252,2019-04-12 12:00:00,0,0,228.13,227.36,226.97,0,0,0,50.04,--,5.17
SMR03-0219-0252,2019-04-12 11:00:00,0,0,230.54,229.58,229.28,0,0,0,50.08,--,5.17
SMR03-0219-0252,2019-04-12 10:00:00,0,0,232.94,232.19,231.78,0,0,0,50.06,--,5.17
SMR03-0219-0252,2019-04-12 09:00:00,0,0,235.99,235.04,234.69,0,0,0,50.17,--,5.17
SMR03-0219-0252,2019-04-12 08:00:00,0,0,234.53,233.67,233.26,0,0,0,50.01,--,5.17
SMR03-0219-0252,2019-04-12 07:00:00,0,0,234.6,233.81,233.29,0,0,0,49.91,--,5.17
SMR03-0219-0252,2019-04-12 06:00:00,4.257,4.285,235.14,235.51,234.35,10.5,1.36,6.83,50.06,0.962  Ld,5.17
SMR03-0219-0252,2019-04-12 05:00:00,4.407,4.433,235.77,236.22,235.05,10.54,1.35,6.78,50.05,0.987  Ld,5.17
SMR03-0219-0252,2019-04-12 04:00:00,4.379,4.405,233.99,234.37,233.3,10.6,1.37,6.88,50.03,0.988  Ld,5.17
SMR03-0219-0252,2019-04-12 03:00:00,4.373,4.397,232.92,233.14,232.15,10.62,1.37,6.9,50.1,0.988  Ld,5.17
SMR03-0219-0252,2019-04-12 02:00:00,4.377,4.403,230.84,231.07,230.19,10.76,1.39,6.99,49.97,0.988  Ld,5.17
SMR03-0219-0252,2019-04-12 01:00:00,4.382,4.405,228.36,228.55,227.5,10.86,1.4,7.05,50.08,0.988  Ld,5.17
SMR03-0219-0252,2019-04-12 00:00:00,4.374,4.397,225.83,226.08,224.81,10.92,1.41,7.09,49.99,0.933  Ld,5.17
SMR03-0219-0252,2019-04-11 23:00:00,4.355,4.379,226.16,226.46,225.4,10.86,1.4,7.06,50.04,0.988  Ld,5.17
SMR03-0219-0252,2019-04-11 22:00:00,4.354,4.377,225.3,225.6,224.58,10.92,1.41,7.09,49.85,0.942  Ld,5.17
SMR03-0219-0252,2019-04-11 21:00:00,4.343,4.367,226.55,226.98,225.73,10.82,1.4,7.07,50.06,0.955  Ld,5.17
SMR03-0219-0252,2019-04-11 20:00:00,4.341,4.364,226,226.59,225.36,10.83,1.42,6.41,49.95,0.988  Ld,5.17
SMR03-0219-0252,2019-04-11 19:00:00,1.128,1.135,231.48,231.32,230.46,2.44,0.04,1.19,50.14,0.51  Lag,5.17
SMR03-0219-0252,2019-04-11 18:00:00,0,0,231.65,230.85,230.26,0,0,0,50.06,--,5.17
SMR03-0219-0252,2019-04-11 17:00:00,0,0,231.6,230.77,230.11,0,0,0,50.05,--,5.17
SMR03-0219-0252,2019-04-11 16:00:00,0,0,230.93,230.06,229.37,0,0,0,50.03,--,5.17
SMR03-0219-0252,2019-04-11 15:00:00,0,0,232.23,231.48,230.74,0,0,0,49.98,--,5.17
SMR03-0219-0252,2019-04-11 14:00:00,0,0,233.84,233.01,232.45,0,0,0,50.07,--,5.17
SMR03-0219-0252,2019-04-11 13:00:00,0,0,233.84,233.04,232.48,0,0,0,50.09,--,5.17
SMR03-0219-0252,2019-04-11 12:00:00,0,0,234.46,233.74,233,0,0,0,50.05,--,5.17
SMR03-0219-0252,2019-04-11 11:00:00,0,0,235.4,234.82,234.21,0,0,0,50.03,--,5.17
SMR03-0219-0252,2019-04-11 10:00:00,0,0,237.79,237.05,236.5,0,0,0,50.06,--,5.17
SMR03-0219-0252,2019-04-11 09:00:00,0,0,239.23,238.39,237.78,0,0,0,50.07,--,5.17
SMR03-0219-0252,2019-04-11 08:00:00,0,0,238.73,237.8,237.06,0,0,0,50.05,--,5.17
SMR03-0219-0252,2019-04-11 07:00:00,0.011,0.013,237.73,237,236.37,0.36,0.25,0.27,50.02,0.95  Lag,5.17
SMR03-0219-0252,2019-04-11 06:00:00,5.267,5.299,237.42,237.2,236.53,10.76,4.98,6.8,50.06,0.986  Ld,5.17
SMR03-0219-0252,2019-04-11 05:00:00,5.311,5.344,236.92,236.62,235.87,10.81,5.03,6.83,49.95,0.988  Ld,5.17
SMR03-0219-0252,2019-04-11 04:00:00,5.113,5.145,235.86,235.94,234.93,10.79,3.09,6.83,50.01,0.988  Ld,5.17
SMR03-0219-0252,2019-04-11 03:00:00,4.461,4.484,234.91,235.12,234.1,10.93,1.37,6.88,50,0.988  Ld,5.17
SMR03-0219-0252,2019-04-11 02:00:00,4.429,4.455,233.58,233.73,232.66,10.63,1.38,6.94,50.02,0.988  Ld,5.17
SMR03-0219-0252,2019-04-11 01:00:00,4.448,4.471,230.94,231.18,230.03,11.12,1.39,7.03,49.98,0.989  Ld,5.17
SMR03-0219-0252,2019-04-11 00:00:00,4.455,4.477,228.08,228.34,227.28,11.25,1.41,7.07,49.97,0.927  Ld,5.17
SMR03-0219-0252,2019-04-10 23:00:00,4.447,4.47,228.86,229.34,228.16,11.11,1.39,6.66,50.08,0.902  Ld,5.17
SMR03-0219-0252,2019-04-10 22:00:00,4.412,4.435,228.5,228.8,227.71,11.43,1.4,7,49.89,0.989  Ld,5.17
SMR03-0219-0252,2019-04-10 21:00:00,4.438,4.462,227.82,228.1,227.1,11.05,1.4,7.03,50.08,0.988  Ld,5.17
SMR03-0219-0252,2019-04-10 20:00:00,4.235,4.256,223.29,223.57,222.53,10.77,1.46,6.73,49.76,0.782  Ld,5.17
SMR03-0219-0252,2019-04-10 19:00:00,1.14,1.147,228.13,227.35,226.8,2.5,0,1.26,50.12,0.493  Lag,5.17
SMR03-0219-0252,2019-04-10 18:00:00,0,0,228.91,228.03,227.5,0,0,0,50.05,--,5.17
SMR03-0219-0252,2019-04-10 17:00:00,0,0,226.52,225.59,224.94,0,0,0,50.01,--,5.17
SMR03-0219-0252,2019-04-10 16:00:00,0,0,226,225.01,224.7,0,0,0,49.94,--,5.17
SMR03-0219-0252,2019-04-10 15:00:00,0,0,227.31,226.18,225.88,0,0,0,49.89,--,5.17
SMR03-0219-0252,2019-04-10 14:00:00,0,0,230.52,229.48,229.2,0,0,0,50.03,--,5.17
SMR03-0219-0252,2019-04-10 13:00:00,0,0,227.95,226.85,226.59,0,0,0,49.97,--,5.17
SMR03-0219-0252,2019-04-10 12:00:00,0,0,229.59,228.55,228.1,0,0,0,50.05,--,5.17
SMR03-0219-0252,2019-04-10 11:00:00,0,0,230.23,229.31,228.85,0,0,0,50.08,--,5.17
SMR03-0219-0252,2019-04-10 10:00:00,0,0,232.13,231.2,230.68,0,0,0,50.08,--,5.17
SMR03-0219-0252,2019-04-10 09:00:00,0,0,234.4,233.41,233.02,0,0,0,50.08,--,5.17
SMR03-0219-0252,2019-04-10 08:00:00,0,0,235.51,234.54,234.06,0,0,0,50.09,--,5.17
SMR03-0219-0252,2019-04-10 07:00:00,0.105,0.107,235.55,234.99,234.53,1.05,0.71,0.77,50.03,0.858  Lag,5.17
SMR03-0219-0252,2019-04-10 06:00:00,5.211,5.245,236.66,236.32,235.89,10.7,4.99,6.81,50.08,0.987  Ld,5.17
SMR03-0219-0252,2019-04-10 05:00:00,5.285,5.317,237.1,236.76,236.26,10.69,4.98,6.8,50.08,0.987  Ld,5.17
SMR03-0219-0252,2019-04-10 04:00:00,5.281,5.315,235.26,234.95,234.49,10.78,5.03,6.85,49.97,0.988  Ld,5.17
SMR03-0219-0252,2019-04-10 03:00:00,5.28,5.311,234.15,233.8,233.41,10.78,5.03,6.86,50.09,0.987  Ld,5.17
SMR03-0219-0252,2019-04-10 02:00:00,5.269,5.301,233.96,233.51,233.09,10.79,5.06,6.88,50.08,0.988  Ld,5.17
SMR03-0219-0252,2019-04-10 01:00:00,5.267,5.298,231.11,230.8,230.36,10.89,5.12,6.94,50,0.987  Ld,5.17
SMR03-0219-0252,2019-04-10 00:00:00,5.238,5.269,228.04,227.8,227.46,11.1,5.19,6.79,50,0.988  Ld,5.17
SMR03-0219-0252,2019-04-09 23:00:00,5.232,5.261,228.12,227.92,227.35,10.8,5.15,6.98,50.04,0.958  Ld,5.17
SMR03-0219-0252,2019-04-09 22:00:00,5.207,5.238,228.92,228.83,228.15,10.9,5.15,7,50.05,0.987  Ld,5.17
SMR03-0219-0252,2019-04-09 21:00:00,4.832,4.862,226.83,226.58,226,11.06,5.2,7.1,50.01,0.988  Ld,5.17
SMR03-0219-0252,2019-04-09 20:00:00,5.235,5.265,225.32,225.14,224.6,11.01,5.21,6.63,50.08,0.987  Ld,5.17
SMR03-0219-0252,2019-04-09 19:00:00,1.461,1.47,230.16,229.3,229,2.7,1.07,1.29,50.08,0.472  Lag,5.17
SMR03-0219-0252,2019-04-09 18:00:00,0,0,228.9,227.98,227.7,0,0,0,50.08,--,5.17
SMR03-0219-0252,2019-04-09 17:00:00,0,0,226.31,225.35,225.11,0,0,0,50.08,--,5.17
SMR03-0219-0252,2019-04-09 16:00:00,0,0,225.59,224.76,224.48,0,0,0,49.98,--,5.17
SMR03-0219-0252,2019-04-09 15:00:00,0,0,226.77,225.97,225.85,0,0,0,50.04,--,5.17
SMR03-0219-0252,2019-04-09 14:00:00,0,0,232.17,231.46,231.09,0,0,0,50.12,--,5.17
SMR03-0219-0252,2019-04-09 13:00:00,0,0,230.14,229.4,229.03,0,0,0,50.09,--,5.17
SMR03-0219-0252,2019-04-09 12:00:00,0,0,230.55,229.72,229.32,0,0,0,50.12,--,5.17
SMR03-0219-0252,2019-04-09 11:00:00,0,0,231.17,230.4,229.89,0,0,0,50.11,--,5.17
SMR03-0219-0252,2019-04-09 10:00:00,0,0,233.67,232.77,232.36,0,0,0,49.94,--,5.17
SMR03-0219-0252,2019-04-09 09:00:00,0,0,236.34,235.32,234.86,0,0,0,50.08,--,5.17
SMR03-0219-0252,2019-04-09 08:00:00,0,0,236.17,235.09,234.56,0,0,0,50.05,--,5.17
SMR03-0219-0252,2019-04-09 07:00:00,0.201,0.203,236.63,235.76,235.29,1.41,0.97,1.11,50.54,0.805  Lag,5.17
SMR03-0219-0252,2019-04-09 06:00:00,5.218,5.253,237.61,237.06,236.51,10.3,4.98,6.81,50.05,0.987  Ld,5.17
SMR03-0219-0252,2019-04-09 05:00:00,5.222,5.257,238.48,237.87,237.36,10.28,4.99,6.8,50.05,0.987  Ld,5.17
SMR03-0219-0252,2019-04-09 04:00:00,5.212,5.247,236.68,236.03,235.59,10.36,5.05,6.85,50.01,0.987  Ld,5.17
SMR03-0219-0252,2019-04-09 03:00:00,4.83,4.86,236.05,235.88,234.93,10.42,2.44,6.88,50,0.988  Ld,5.17
SMR03-0219-0252,2019-04-09 02:00:00,4.354,4.381,234.19,234.14,233.15,10.46,1.37,6.93,50.02,0.988  Ld,5.17
SMR03-0219-0252,2019-04-09 01:00:00,4.388,4.415,232.53,232.56,231.46,10.53,1.72,6.96,49.98,0.987  Ld,5.17
SMR03-0219-0252,2019-04-09 00:00:00,4.518,4.546,229.77,229.87,228.89,10.73,3.04,7.06,50.03,0.988  Ld,5.17
SMR03-0219-0252,2019-04-08 23:00:00,4.349,4.374,228.68,228.95,227.88,10.64,1.38,7.03,50.04,0.943  Ld,5.17
SMR03-0219-0252,2019-04-08 22:00:00,4.353,4.378,228.4,228.79,227.7,10.97,1.4,7.07,50.09,0.989  Ld,5.17
SMR03-0219-0252,2019-04-08 21:00:00,4.38,4.402,226.42,226.78,225.79,10.55,1.41,7.12,50.09,0.956  Ld,5.17
SMR03-0219-0252,2019-04-08 20:00:00,4.222,4.245,224.39,224.7,223.57,10.68,1.44,6.22,50.04,0.924  Ld,5.17
SMR03-0219-0252,2019-04-08 19:00:00,1.244,1.252,228.28,227.57,226.95,2.67,0.19,1.36,50.11,0.456  Lag,5.17
SMR03-0219-0252,2019-04-08 18:00:00,0,0,228.58,227.84,227.17,0,0,0,49.98,--,5.17
SMR03-0219-0252,2019-04-08 17:00:00,0,0,227.84,226.92,226.14,0,0,0,50.02,--,5.17
SMR03-0219-0252,2019-04-08 16:00:00,0,0,229.21,228.35,227.42,0,0,0,50.02,--,5.17
SMR03-0219-0252,2019-04-08 15:00:00,0,0,230,229.07,228.44,0,0,0,50.03,--,5.17
SMR03-0219-0252,2019-04-08 14:00:00,0,0,230.95,230.04,229.39,0,0,0,50.13,--,5.17
SMR03-0219-0252,2019-04-08 13:00:00,0,0,225.96,225.02,224.4,0,0,0,50.15,--,5.17
SMR03-0219-0252,2019-04-08 12:00:00,0,0,226.12,225.33,224.76,0,0,0,50.03,--,5.17
SMR03-0219-0252,2019-04-08 11:00:00,0,0,227.1,226.27,225.64,0,0,0,50.03,--,5.17
SMR03-0219-0252,2019-04-08 10:00:00,0,0,230.55,229.85,229.38,0,0,0,50.03,--,5.17
SMR03-0219-0252,2019-04-08 09:00:00,0,0,233.91,232.93,232.41,0,0,0,50.12,--,5.17
SMR03-0219-0252,2019-04-08 08:00:00,0,0,233,231.89,231.46,0,0,0,50.02,--,5.17
SMR03-0219-0252,2019-04-08 07:00:00,0.299,0.301,233.91,233.14,232.59,1.67,1.16,1.36,50,0.77  Lag,5.17
SMR03-0219-0252,2019-04-08 06:00:00,5.311,5.339,235,234.65,234.04,10.41,5.06,7.41,50.04,0.885  Ld,5.17
SMR03-0219-0252,2019-04-08 05:00:00,4.946,4.969,235.79,235.87,234.78,10.77,2.28,7.45,50.07,0.514  Ld,5.17
SMR03-0219-0252,2019-04-08 04:00:00,4.611,4.63,236.26,236.23,235.13,10.98,1.36,7.42,50,0.626  Ld,5.17
SMR03-0219-0252,2019-04-08 03:00:00,4.619,4.637,234.42,234.37,233.42,10.94,1.37,7.44,50.01,0.676  Ld,5.17
SMR03-0219-0252,2019-04-08 02:00:00,4.61,4.628,231.04,230.84,229.99,11.08,1.66,7.53,50,0.551  Ld,5.17
SMR03-0219-0252,2019-04-08 01:00:00,4.604,4.621,230.29,230.21,229.11,11.18,1.41,7.64,50.02,0.428  Ld,5.17
SMR03-0219-0252,2019-04-08 00:00:00,3.352,3.37,230.53,230.11,229.39,11.2,4.58,6.75,49.97,0.716  Ld,5.17
SMR03-0219-0252,2019-04-07 23:00:00,5.372,5.402,235.71,235.21,234.53,11.18,5.15,6.46,49.99,0.846  Ld,5.17
SMR03-0219-0252,2019-04-07 22:00:00,5.453,5.489,241.28,240.79,240.33,10.81,5.07,6.62,50.07,0.934  Ld,5.17
SMR03-0219-0252,2019-04-07 21:00:00,5.162,5.194,230.38,230.12,229.57,10.92,5.23,6.66,50.05,0.988  Ld,5.17
SMR03-0219-0252,2019-04-07 20:00:00,5.129,5.158,225.15,224.93,224.4,11.05,5.33,6.76,49.85,0.988  Ld,5.17
SMR03-0219-0252,2019-04-07 19:00:00,1.569,1.579,229.28,228.76,228.26,2.85,1.17,1.48,50.08,0.441  Lag,5.17
SMR03-0219-0252,2019-04-07 18:00:00,0,0,229.69,228.76,228.14,0,0,0,50.12,--,5.17
SMR03-0219-0252,2019-04-07 17:00:00,0,0,228.71,227.78,227.03,0,0,0,50.11,--,5.17
SMR03-0219-0252,2019-04-07 16:00:00,0,0,228.79,227.63,227.32,0,0,0,49.99,--,5.17
SMR03-0219-0252,2019-04-07 15:00:00,0,0,230.47,229.5,229.14,0,0,0,49.96,--,5.17
SMR03-0219-0252,2019-04-07 14:00:00,0,0,230.86,229.89,229.52,0,0,0,50.08,--,5.17
SMR03-0219-0252,2019-04-07 13:00:00,0,0,230.78,229.66,229.27,0,0,0,50.03,--,5.17
SMR03-0219-0252,2019-04-07 12:00:00,0,0,231.87,230.83,230.51,0,0,0,50.12,--,5.17
SMR03-0219-0252,2019-04-07 11:00:00,0,0,233.04,231.84,231.56,0,0,0,50.11,--,5.17
SMR03-0219-0252,2019-04-07 10:00:00,0,0,233.18,232.08,231.71,0,0,0,50.16,--,5.17
SMR03-0219-0252,2019-04-07 09:00:00,0,0,233.63,232.61,232.21,0,0,0,50.09,--,5.17
SMR03-0219-0252,2019-04-07 08:00:00,0,0,233.9,232.95,232.71,0,0,0,50.06,--,5.17
SMR03-0219-0252,2019-04-07 07:00:00,0.39,0.394,234.6,234.03,233.57,1.93,1.32,1.49,50.04,0.734  Lag,5.17
SMR03-0219-0252,2019-04-07 06:00:00,5.232,5.266,235.27,234.9,234.46,10.61,5.04,6.89,50.09,0.987  Ld,5.17
SMR03-0219-0252,2019-04-07 05:00:00,5.252,5.285,234.62,234.29,233.85,10.62,5.04,6.89,50.06,0.987  Ld,5.17
SMR03-0219-0252,2019-04-07 04:00:00,5.238,5.271,233.98,233.61,233.1,10.56,5.04,6.86,50.06,0.988  Ld,5.17
SMR03-0219-0252,2019-04-07 03:00:00,5.211,5.244,233.02,232.46,232.12,10.6,5.06,6.89,50.17,0.988  Ld,5.17
SMR03-0219-0252,2019-04-07 02:00:00,5.183,5.216,232.85,232.59,232.08,10.63,5.08,6.89,50.24,0.987  Ld,5.17
SMR03-0219-0252,2019-04-07 01:00:00,5.204,5.235,230.45,230.32,229.63,10.64,5.08,6.9,50.08,0.987  Ld,5.17
SMR03-0219-0252,2019-04-07 00:00:00,5.202,5.233,228.37,228.02,227.48,10.79,5.16,7.02,50.07,0.988  Ld,5.17
SMR03-0219-0252,2019-04-06 23:00:00,5.205,5.235,227.97,227.8,227.2,10.76,5.13,6.97,50.11,0.987  Ld,5.17
SMR03-0219-0252,2019-04-06 22:00:00,5.212,5.243,227.84,227.63,227.02,11.37,5.21,7.02,50.05,0.939  Ld,5.17
SMR03-0219-0252,2019-04-06 21:00:00,2.288,2.301,227.05,226.8,225.99,11.26,4.39,7.18,50.02,0.839  Ld,5.17
SMR03-0219-0252,2019-04-06 20:00:00,4.28,4.304,225.27,225.84,224.75,10.69,1.43,6.79,50.13,0.92  Ld,5.17
SMR03-0219-0252,2019-04-06 19:00:00,1.306,1.314,230.27,230.03,229.21,2.89,0.1,1.45,50.17,0.426  Lag,5.17
SMR03-0219-0252,2019-04-06 18:00:00,0,0,230.34,229.57,229,0,0,0,50.08,--,5.17
SMR03-0219-0252,2019-04-06 17:00:00,0,0,226.99,226.4,225.63,0,0,0,50.08,--,5.17
SMR03-0219-0252,2019-04-06 16:00:00,0,0,226.56,225.88,225.29,0,0,0,50.09,--,5.17
SMR03-0219-0252,2019-04-06 15:00:00,0,0,227.61,226.78,226.34,0,0,0,50.02,--,5.17
SMR03-0219-0252,2019-04-06 14:00:00,0,0,229.62,228.66,228.08,0,0,0,50.14,--,5.17
SMR03-0219-0252,2019-04-06 13:00:00,0,0,227.25,226.45,225.85,0,0,0,50.13,--,5.17
SMR03-0219-0252,2019-04-06 12:00:00,0,0,225.51,224.73,224.32,0,0,0,50.08,--,5.17
SMR03-0219-0252,2019-04-06 11:00:00,0,0,227.54,226.64,226.25,0,0,0,50.01,--,5.17
SMR03-0219-0252,2019-04-06 10:00:00,0,0,229.66,228.82,228.4,0,0,0,50.07,--,5.17
SMR03-0219-0252,2019-04-06 09:00:00,0,0,232.4,231.38,231.04,0,0,0,50.1,--,5.17
SMR03-0219-0252,2019-04-06 08:00:00,0,0,232.89,231.99,231.55,0,0,0,50.06,--,5.17
SMR03-0219-0252,2019-04-06 07:00:00,0.477,0.481,233.28,232.65,232.16,2.18,1.49,1.62,50.04,0.703  Lag,5.17
SMR03-0219-0252,2019-04-06 06:00:00,5.197,5.23,233.86,233.46,232.99,10.58,5.02,6.84,49.94,0.987  Ld,5.17
SMR03-0219-0252,2019-04-06 05:00:00,5.224,5.257,235.46,235.08,234.39,10.56,5.01,6.84,49.99,0.987  Ld,5.17
SMR03-0219-0252,2019-04-06 04:00:00,5.224,5.256,235.32,234.89,234.25,10.55,5.01,6.82,50.04,0.987  Ld,5.17
SMR03-0219-0252,2019-04-06 03:00:00,5.207,5.24,234.31,233.97,233.35,10.55,5.03,6.83,50.1,0.987  Ld,5.17
SMR03-0219-0252,2019-04-06 02:00:00,5.209,5.242,233.43,232.99,232.55,10.62,5.06,6.87,50,0.987  Ld,5.17
SMR03-0219-0252,2019-04-06 01:00:00,5.242,5.274,231.7,231.21,230.66,10.76,5.12,6.97,49.99,0.988  Ld,5.17
SMR03-0219-0252,2019-04-06 00:00:00,5.247,5.278,228.24,227.8,227.19,10.89,5.18,7.03,49.97,0.988  Ld,5.17
SMR03-0219-0252,2019-04-05 23:00:00,5.204,5.233,228.1,227.59,227.27,10.8,5.16,6.99,50.13,0.987  Ld,5.17
SMR03-0219-0252,2019-04-05 22:00:00,5.188,5.22,228.7,228.45,227.76,10.76,5.17,6.99,50.01,0.988  Ld,5.17
SMR03-0219-0252,2019-04-05 21:00:00,4.818,4.845,226.18,226.21,225.34,11.24,3.82,7.19,50.08,0.974  Ld,5.17
SMR03-0219-0252,2019-04-05 20:00:00,2.744,2.758,224.26,224.68,223.72,11.09,1.42,6.52,50.4,0.881  Ld,5.17
SMR03-0219-0252,2019-04-05 19:00:00,1.376,1.385,228.58,228.28,227.64,3.12,0.04,1.5,50.13,0.406  Lag,5.17
SMR03-0219-0252,2019-04-05 18:00:00,0,0,227.5,227.03,226.34,0,0,0,50.15,--,5.17
SMR03-0219-0252,2019-04-05 17:00:00,0,0,226.56,226.04,225.34,0,0,0,50.02,--,5.17
SMR03-0219-0252,2019-04-05 16:00:00,0,0,226.1,225.65,224.96,0,0,0,50.02,--,5.17
SMR03-0219-0252,2019-04-05 15:00:00,0,0,226.74,226.2,225.57,0,0,0,50.09,--,5.17
SMR03-0219-0252,2019-04-05 14:00:00,0,0,230.99,230.34,229.74,0,0,0,50.15,--,5.17
SMR03-0219-0252,2019-04-05 13:00:00,0,0,227.37,226.64,226.11,0,0,0,50.07,--,5.17
SMR03-0219-0252,2019-04-05 12:00:00,0,0,225.79,224.93,224.46,0,0,0,50.12,--,5.17
SMR03-0219-0252,2019-04-05 11:00:00,0,0,225.97,225.12,224.66,0,0,0,50.14,--,5.17
SMR03-0219-0252,2019-04-05 10:00:00,0,0,228.5,227.66,227.27,0,0,0,50.06,--,5.17
SMR03-0219-0252,2019-04-05 09:00:00,0,0,233.74,232.74,232.32,0,0,0,50.13,--,5.17
SMR03-0219-0252,2019-04-05 08:00:00,0,0,233.35,232.49,231.88,0,0,0,50.07,--,5.17
SMR03-0219-0252,2019-04-05 07:00:00,0.576,0.581,232.64,232.41,231.75,2.34,1.61,1.82,49.94,0.679  Lag,5.17
SMR03-0219-0252,2019-04-05 06:00:00,5.183,5.217,234.65,234.39,233.83,10.47,4.99,6.8,50.03,0.987  Ld,5.17
SMR03-0219-0252,2019-04-05 05:00:00,5.205,5.238,235.55,235.24,234.71,10.46,5.01,6.83,50.05,0.986  Ld,5.17
SMR03-0219-0252,2019-04-05 04:00:00,2.096,2.109,235.58,235.1,234.72,10.5,5.08,6.89,50.05,0.92  Ld,5.17
SMR03-0219-0252,2019-04-05 03:00:00,5.137,5.172,235.95,235.54,235.02,10.45,4.98,6.78,50.07,0.987  Ld,5.17
SMR03-0219-0252,2019-04-05 02:00:00,5.199,5.231,233.11,232.89,232.21,10.59,5.04,6.87,50.08,0.988  Ld,5.17
SMR03-0219-0252,2019-04-05 01:00:00,5.194,5.227,231.99,231.78,230.98,10.63,5.06,6.9,50.1,0.988  Ld,5.17
SMR03-0219-0252,2019-04-05 00:00:00,5.194,5.224,229.28,228.95,228.29,10.72,5.12,6.94,50.08,0.987  Ld,5.17
SMR03-0219-0252,2019-04-04 23:00:00,5.198,5.229,227.75,227.69,227.03,10.88,5.15,6.97,50.05,0.988  Ld,5.17
SMR03-0219-0252,2019-04-04 22:00:00,5.27,5.3,228.06,227.94,227.36,11.09,5.15,6.99,50.02,0.969  Ld,5.17
SMR03-0219-0252,2019-04-04 21:00:00,5.258,5.287,225.9,225.82,225.35,11.1,5.2,7.05,50.07,0.988  Ld,5.17
SMR03-0219-0252,2019-04-04 20:00:00,5.113,5.144,225.62,225.58,224.96,11.18,5.26,6.16,49.99,0.975  Ld,5.17
SMR03-0219-0252,2019-04-04 19:00:00,1.703,1.714,230.19,229.7,229.07,3.23,1.32,1.54,50.1,0.391  Lag,5.17
SMR03-0219-0252,2019-04-04 18:00:00,0,0,229.69,229.02,228.36,0,0,0,50.05,--,5.17
SMR03-0219-0252,2019-04-04 17:00:00,0,0,228.34,227.86,227.05,0,0,0,50.01,--,5.17
SMR03-0219-0252,2019-04-04 16:00:00,0,0,227.96,227.3,226.55,0,0,0,49.94,--,5.17
SMR03-0219-0252,2019-04-04 15:00:00,0,0,228.8,228.4,227.66,0,0,0,50.07,--,5.17
SMR03-0219-0252,2019-04-04 14:00:00,0,0,229.43,228.81,228.14,0,0,0,50.04,--,5.17
SMR03-0219-0252,2019-04-04 13:00:00,0,0,226.72,226.14,225.43,0,0,0,50.09,--,5.17
SMR03-0219-0252,2019-04-04 12:00:00,0,0,224.3,223.69,223.21,0,0,0,50.06,--,5.17
SMR03-0219-0252,2019-04-04 11:00:00,0,0,226.6,225.87,225.44,0,0,0,50.15,--,5.17
SMR03-0219-0252,2019-04-04 10:00:00,0,0,228.77,227.51,227.3,0,0,0,50.06,--,5.17
SMR03-0219-0252,2019-04-04 09:00:00,0,0,232.88,231.61,231.23,0,0,0,50.08,--,5.17
SMR03-0219-0252,2019-04-04 08:00:00,0,0,231.62,230.4,229.96,0,0,0,50.05,--,5.17
SMR03-0219-0252,2019-04-04 07:00:00,0.673,0.678,231.83,230.91,230.48,2.53,1.74,1.96,49.97,0.653  Lag,5.17
SMR03-0219-0252,2019-04-04 06:00:00,5.085,5.12,233.97,233.53,233.13,10.47,5.01,6.35,50.06,0.986  Ld,5.17
SMR03-0219-0252,2019-04-04 05:00:00,5.089,5.126,236.32,235.79,235.4,10.45,4.99,6.34,50.05,0.987  Ld,5.17
SMR03-0219-0252,2019-04-04 04:00:00,5.146,5.182,237.47,236.85,236.34,10.36,4.96,6.77,50.1,0.987  Ld,5.17
SMR03-0219-0252,2019-04-04 03:00:00,5.198,5.231,236.74,236.52,235.74,10.41,4.99,6.8,50.08,0.987  Ld,5.17
SMR03-0219-0252,2019-04-04 02:00:00,5.187,5.221,233.2,232.97,232.24,10.5,5.03,6.85,49.97,0.987  Ld,5.17
SMR03-0219-0252,2019-04-04 01:00:00,5.188,5.22,231.35,231.19,230.43,10.62,5.09,6.92,50.04,0.988  Ld,5.17
SMR03-0219-0252,2019-04-04 00:00:00,5.142,5.173,229.33,229.13,228.46,10.7,5.13,6.49,49.95,0.987  Ld,5.17
SMR03-0219-0252,2019-04-03 23:00:00,5.088,5.118,228.33,228.02,227.59,10.67,5.13,6.48,50.1,0.988  Ld,5.17
SMR03-0219-0252,2019-04-03 22:00:00,5.016,5.048,228.3,228.08,227.66,10.95,5.13,6.05,49.99,0.987  Ld,5.17
SMR03-0219-0252,2019-04-03 21:00:00,5.03,5.063,226.25,226.06,225.68,11.1,5.21,6.13,50,0.987  Ld,5.17
SMR03-0219-0252,2019-04-03 20:00:00,5.043,5.073,224.13,224.09,223.58,11.13,5.26,6.15,50.08,0.987  Ld,5.17
SMR03-0219-0252,2019-04-03 19:00:00,1.743,1.754,229.54,229.29,228.81,3.32,1.38,1.6,50.09,0.372  Lag,5.17
SMR03-0219-0252,2019-04-03 18:00:00,0,0,228.2,227.39,227.03,0,0,0,50.02,--,5.17
SMR03-0219-0252,2019-04-03 17:00:00,0,0,227.12,226.45,226.06,0,0,0,50.06,--,5.17
SMR03-0219-0252,2019-04-03 16:00:00,0,0,227.44,226.88,226.53,0,0,0,49.85,--,5.17
SMR03-0219-0252,2019-04-03 15:00:00,0,0,227.95,227.28,226.94,0,0,0,50,--,5.17
SMR03-0219-0252,2019-04-03 14:00:00,0,0,231.59,230.79,230.36,0,0,0,50.13,--,5.17
SMR03-0219-0252,2019-04-03 13:00:00,0,0,227.04,226.16,225.8,0,0,0,50.07,--,5.17
SMR03-0219-0252,2019-04-03 12:00:00,0,0,226.95,226.19,225.83,0,0,0,50.08,--,5.17
SMR03-0219-0252,2019-04-03 11:00:00,0,0,228.49,227.67,227.36,0,0,0,50.1,--,5.17
SMR03-0219-0252,2019-04-03 10:00:00,0,0,229.54,228.43,228.29,0,0,0,50.04,--,5.17
SMR03-0219-0252,2019-04-03 09:00:00,0,0,233.62,232.7,232.37,0,0,0,50.1,--,5.17
SMR03-0219-0252,2019-04-03 08:00:00,0,0,234.16,233.21,232.64,0,0,0,50.08,--,5.17
SMR03-0219-0252,2019-04-03 07:00:00,0.777,0.784,234.62,233.95,233.52,2.7,1.85,2.1,50,0.616  Lag,5.17
SMR03-0219-0252,2019-04-03 06:00:00,5.182,5.217,237.55,237.27,236.84,10.34,4.94,6.77,50.06,0.986  Ld,5.17
SMR03-0219-0252,2019-04-03 05:00:00,5.227,5.263,239.25,238.75,238.3,10.28,4.92,6.72,50.09,0.987  Ld,5.17
SMR03-0219-0252,2019-04-03 04:00:00,5.206,5.242,238.82,238.54,237.93,10.24,4.89,6.71,50.05,0.987  Ld,5.17
SMR03-0219-0252,2019-04-03 03:00:00,5.208,5.242,238.42,238.06,237.52,10.35,4.95,6.77,49.99,0.987  Ld,5.17
SMR03-0219-0252,2019-04-03 02:00:00,5.215,5.25,236.57,236.44,235.71,10.42,4.97,6.8,50.08,0.987  Ld,5.17
SMR03-0219-0252,2019-04-03 01:00:00,5.164,5.199,233.78,233.63,232.93,10.57,5.05,6.42,50,0.986  Ld,5.17
SMR03-0219-0252,2019-04-03 00:00:00,5.089,5.125,232.3,232.06,231.5,10.6,5.08,6.46,49.97,0.986  Ld,5.17
SMR03-0219-0252,2019-04-02 23:00:00,5.078,5.113,231.17,230.99,230.44,10.59,5.07,6.46,50.01,0.986  Ld,5.17
SMR03-0219-0252,2019-04-02 22:00:00,5.124,5.158,230.23,229.93,229.62,10.93,5.13,6.51,49.92,0.987  Ld,5.17
SMR03-0219-0252,2019-04-02 21:00:00,5.139,5.173,228,227.66,227.41,11.05,5.19,6.59,50,0.987  Ld,5.17
SMR03-0219-0252,2019-04-02 20:00:00,5.031,5.062,224.81,224.87,224.19,10.7,3.99,6.19,50.04,0.987  Ld,5.17
SMR03-0219-0252,2019-04-02 19:00:00,1.447,1.457,231.71,231.43,230.55,3.23,0,1.63,50.18,0.356  Lag,5.17
SMR03-0219-0252,2019-04-02 18:00:00,0,0,231.33,230.75,230.19,0,0,0,50.1,--,5.17
SMR03-0219-0252,2019-04-02 17:00:00,0,0,229.95,229.34,228.79,0,0,0,50.05,--,5.17
SMR03-0219-0252,2019-04-02 16:00:00,0,0,229.85,228.99,228.58,0,0,0,50,--,5.17
SMR03-0219-0252,2019-04-02 15:00:00,0,0,230.11,229.3,228.81,0,0,0,49.96,--,5.17
SMR03-0219-0252,2019-04-02 14:00:00,0,0,232.32,231.46,230.91,0,0,0,50.1,--,5.17
SMR03-0219-0252,2019-04-02 13:00:00,0,0,228.09,227.35,226.87,0,0,0,50.04,--,5.17
SMR03-0219-0252,2019-04-02 12:00:00,0,0,226.07,225.29,224.96,0,0,0,50.07,--,5.17
SMR03-0219-0252,2019-04-02 11:00:00,0,0,227.62,226.74,226.17,0,0,0,50.07,--,5.17
SMR03-0219-0252,2019-04-02 10:00:00,0,0,230.2,229.22,228.79,0,0,0,50.05,--,5.17
SMR03-0219-0252,2019-04-02 09:00:00,0,0,235.9,234.91,234.6,0,0,0,50.19,--,5.17
SMR03-0219-0252,2019-04-02 08:00:00,0,0,234.88,233.89,233.5,0,0,0,50.03,--,5.17
SMR03-0219-0252,2019-04-02 07:00:00,0.867,0.874,235.25,234.67,234.17,2.85,1.95,2.21,49.92,0.57  Lag,5.17
SMR03-0219-0252,2019-04-02 06:00:00,5.101,5.138,238.04,237.67,237.26,10.27,4.93,6.24,50.01,0.986  Ld,5.17
SMR03-0219-0252,2019-04-02 05:00:00,5.098,5.136,240.28,239.92,239.39,10.23,4.9,6.47,50.08,0.987  Ld,5.17
SMR03-0219-0252,2019-04-02 04:00:00,5.2,5.236,239.03,238.74,238.2,10.27,4.93,6.72,49.95,0.987  Ld,5.17
SMR03-0219-0252,2019-04-02 03:00:00,5.187,5.221,237.28,236.98,236.43,10.33,4.96,6.76,50,0.987  Ld,5.17
SMR03-0219-0252,2019-04-02 02:00:00,5.202,5.236,236.01,235.77,235.13,10.39,4.99,6.8,49.93,0.987  Ld,5.17
SMR03-0219-0252,2019-04-02 01:00:00,5.204,5.238,234.4,234.21,233.45,10.52,5.05,6.86,49.96,0.987  Ld,5.17
SMR03-0219-0252,2019-04-02 00:00:00,5.219,5.251,231.23,230.99,230.3,10.74,5.16,6.98,49.83,0.988  Ld,5.17
SMR03-0219-0252,2019-04-01 23:00:00,5.186,5.218,230.15,230.08,229.58,10.94,5.1,6.45,50.08,0.987  Ld,5.17
SMR03-0219-0252,2019-04-01 22:00:00,5.173,5.207,229.07,228.97,228.39,11.06,5.17,6.54,49.99,0.987  Ld,5.17
SMR03-0219-0252,2019-04-01 21:00:00,5.172,5.206,227.89,227.72,227.47,11.07,5.23,6.6,50.09,0.987  Ld,5.17
SMR03-0219-0252,2019-04-01 20:00:00,5.169,5.202,226.34,226.32,225.81,11.17,5.27,6.3,49.95,0.987  Ld,5.17
SMR03-0219-0252,2019-04-01 19:00:00,1.843,1.855,230.96,230.63,230.17,3.47,1.46,1.67,50.03,0.34  Lag,5.17
SMR03-0219-0252,2019-04-01 18:00:00,0,0,231.26,230.54,230.02,0,0,0,50.01,--,5.17
SMR03-0219-0252,2019-04-01 17:00:00,0,0,230.06,229.47,229.1,0,0,0,49.97,--,5.17
SMR03-0219-0252,2019-04-01 16:00:00,0,0,230.5,229.91,229.44,0,0,0,50.06,--,5.17
SMR03-0219-0252,2019-04-01 15:00:00,0,0,231.34,230.67,230.25,0,0,0,50.02,--,5.17
SMR03-0219-0252,2019-04-01 14:00:00,0,0,234.01,233.33,232.81,0,0,0,50.16,--,5.17
SMR03-0219-0252,2019-04-01 13:00:00,0,0,229.82,229.07,228.55,0,0,0,50.1,--,5.17
SMR03-0219-0252,2019-04-01 12:00:00,0,0,228.94,228.08,227.65,0,0,0,50.1,--,5.17
SMR03-0219-0252,2019-04-01 11:00:00,0,0,230.31,229.3,228.84,0,0,0,50.01,--,5.17
SMR03-0219-0252,2019-04-01 10:00:00,0,0,231.99,231.05,230.73,0,0,0,50.07,--,5.17
SMR03-0219-0252,2019-04-01 09:00:00,0,0,235.24,234.26,233.89,0,0,0,50.13,--,5.17
SMR03-0219-0252,2019-04-01 08:00:00,0,0,233.51,232.68,232.15,0,0,0,50.05,--,5.17
SMR03-0219-0252,2019-04-01 07:00:00,0.955,0.963,234.42,233.95,233.42,3.03,2.07,2.25,50.13,0.527  Lag,5.17
SMR03-0219-0252,2019-04-01 06:00:00,5.101,5.134,236.89,236.48,236.07,10.47,4.99,6.38,50.06,0.987  Ld,5.17
SMR03-0219-0252,2019-04-01 05:00:00,5.143,5.178,239.1,238.68,238.18,10.41,4.97,6.36,50.04,0.987  Ld,5.17
SMR03-0219-0252,2019-04-01 04:00:00,5.141,5.175,238.13,237.55,237.05,10.39,4.97,6.35,50.12,0.987  Ld,5.17
SMR03-0219-0252,2019-04-01 03:00:00,5.142,5.176,237.62,237.19,236.74,10.45,5.01,6.38,49.96,0.987  Ld,5.17
SMR03-0219-0252,2019-04-01 02:00:00,5.089,5.124,236.01,235.67,235.23,10.49,5.03,5.94,50.03,0.986  Ld,5.17
SMR03-0219-0252,2019-04-01 01:00:00,5.024,5.06,234.46,234.13,233.58,10.57,5.06,5.98,50.12,0.987  Ld,5.17
SMR03-0219-0252,2019-04-01 00:00:00,5.028,5.062,231.67,231.34,230.9,10.75,5.15,6.07,50.08,0.987  Ld,5.17
